Order ID,Customer ID,Order Date,Customer Name,Region,State,Category,Product,Quantity,Sales,Discount %,Net Sales,Profit,Payment Mode,Salesperson
ORD-11159,1111,2025-01-01 07:18:16,Customer 105,North,Delhi,Furniture,Office Chair,5,50185.47,15,42657.65,4299.43,Debit Card,N. Gupta
ORD-10188,1413,2025-01-01 08:15:25,Customer 295,Central,Chhattisgarh,Furniture,Table,1,10270.9,5,9757.36,1717.82,Cash,A. Kumar
ORD-11727,1030,2025-01-02 02:34:32,Customer 494,Central,Madhya Pradesh,Electronics,Monitor,3,56119.59,10,50507.63,6211.8,Credit Card,R. Singh
ORD-11101,1250,2025-01-02 06:59:57,Customer 379,West,Gujarat,Electronics,Laptop,3,187522.6,10,168770.34,34737.22,Cash,S. Verma
ORD-11800,1448,2025-01-02 07:37:07,Customer 4,West,Maharashtra,Electronics,Smartphone,5,145174.61,5,137915.88,12196.9,UPI,A. Kumar
ORD-11801,1103,2025-01-02 08:58:44,Customer 80,South,Telangana,Furniture,Table,2,18237.74,10,16413.97,1492.92,UPI,A. Kumar
ORD-10992,1289,2025-01-02 11:21:59,Customer 194,North,Haryana,Furniture,Desk,4,44267.15,0,44267.15,6342.67,UPI,P. Sharma
ORD-10542,1159,2025-01-02 20:09:58,Customer 304,West,Gujarat,Accessories,USB Hub,1,1346.7,5,1279.37,139.98,Cash,N. Gupta
ORD-11002,1423,2025-01-03 02:18:56,Customer 147,West,Gujarat,Furniture,Table,3,29654.29,10,26688.86,3550.69,Debit Card,K. Yadav
ORD-11190,1279,2025-01-03 02:25:32,Customer 98,North,Delhi,Office Supplies,File Folder,1,197.52,0,197.52,18.53,Net Banking,K. Yadav
ORD-11107,1295,2025-01-03 08:31:14,Customer 109,Central,Chhattisgarh,Office Supplies,Printer,1,16616.73,0,16616.73,2100.29,Credit Card,S. Verma
ORD-11503,1416,2025-01-03 13:44:34,Customer 347,South,Telangana,Electronics,Headphones,5,28254.8,10,25429.32,5245.42,Debit Card,K. Yadav
ORD-10923,1013,2025-01-03 15:01:24,Customer 425,North,Delhi,Furniture,Desk,1,12815.83,10,11534.25,2867.44,Net Banking,A. Kumar
ORD-11237,1211,2025-01-03 16:16:00,Customer 161,North,Haryana,Furniture,Desk,3,33751.38,10,30376.24,4101.04,Debit Card,P. Sharma
ORD-10987,1103,2025-01-03 21:28:59,Customer 193,West,Rajasthan,Furniture,Sofa,1,27319.6,10,24587.64,3678.03,Net Banking,P. Sharma
ORD-11218,1131,2025-01-03 23:41:56,Customer 345,South,Kerala,Electronics,Smartphone,2,60782.74,15,51665.33,5969.64,Credit Card,A. Kumar
ORD-10005,1310,2025-01-04 03:30:36,Customer 191,East,Odisha,Furniture,Desk,4,46940.53,10,42246.48,7306.14,Credit Card,P. Sharma
ORD-11430,1420,2025-01-04 04:40:16,Customer 304,West,Gujarat,Electronics,Headphones,1,5039.52,15,4283.59,687.44,Debit Card,R. Singh
ORD-10335,1044,2025-01-04 06:22:20,Customer 59,South,Karnataka,Office Supplies,File Folder,2,392.27,0,392.27,45.2,Cash,A. Kumar
ORD-10224,1183,2025-01-04 07:21:51,Customer 477,West,Goa,Accessories,Keyboard,5,9434.75,15,8019.54,894.23,UPI,K. Yadav
ORD-10840,1099,2025-01-04 10:16:17,Customer 158,North,Uttar Pradesh,Furniture,Bookshelf,1,7133.1,10,6419.79,1176.82,Credit Card,P. Sharma
ORD-11103,1105,2025-01-04 11:32:47,Customer 328,North,Delhi,Office Supplies,File Folder,3,568.98,15,483.63,78.18,Debit Card,N. Gupta
ORD-11092,1324,2025-01-04 16:05:52,Customer 66,East,Odisha,Electronics,Monitor,4,74045.75,10,66641.17,5959.87,Net Banking,K. Yadav
ORD-11025,1263,2025-01-04 17:15:45,Customer 222,West,Maharashtra,Office Supplies,File Folder,5,923.68,15,785.13,153.7,Net Banking,K. Yadav
ORD-11685,1405,2025-01-05 00:13:35,Customer 392,West,Goa,Office Supplies,Printer,5,82288.3,10,74059.47,17886.92,Cash,P. Sharma
ORD-10449,1088,2025-01-05 04:05:06,Customer 303,Central,Madhya Pradesh,Electronics,Laptop,5,330828.86,10,297745.97,52685.79,Debit Card,P. Sharma
ORD-10067,1118,2025-01-05 11:45:52,Customer 94,East,Bihar,Furniture,Sofa,2,52199.98,15,44369.98,3589.58,Debit Card,K. Yadav
ORD-10137,1422,2025-01-05 11:47:56,Customer 41,East,Odisha,Office Supplies,Notebook,4,1191.85,10,1072.67,161.13,Cash,N. Gupta
ORD-10491,1117,2025-01-05 19:42:41,Customer 368,Central,Madhya Pradesh,Electronics,Laptop,4,242011.08,5,229910.53,54587.69,Credit Card,R. Singh
ORD-10441,1427,2025-01-05 20:54:48,Customer 18,South,Karnataka,Furniture,Office Chair,4,35623.26,20,28498.61,5595.23,Net Banking,R. Singh
ORD-10821,1417,2025-01-06 04:11:35,Customer 71,East,West Bengal,Electronics,Laptop,3,178863.26,20,143090.61,18472.67,UPI,N. Gupta
ORD-11394,1221,2025-01-06 12:39:23,Customer 90,South,Telangana,Furniture,Office Chair,4,33279.34,10,29951.41,6064.11,Debit Card,P. Sharma
ORD-11248,1178,2025-01-06 12:58:59,Customer 450,North,Haryana,Electronics,Smartphone,4,123235.86,20,98588.69,19534.77,Cash,K. Yadav
ORD-11422,1423,2025-01-06 15:30:43,Customer 365,West,Rajasthan,Accessories,Keyboard,2,3745.71,10,3371.14,532.69,Cash,A. Kumar
ORD-10457,1095,2025-01-06 17:50:32,Customer 8,West,Rajasthan,Office Supplies,Notebook,5,1699.4,20,1359.52,275.2,Debit Card,K. Yadav
ORD-10049,1192,2025-01-06 18:12:42,Customer 447,South,Telangana,Office Supplies,Notebook,4,1255.1,0,1255.1,308.31,UPI,A. Kumar
ORD-11459,1396,2025-01-06 19:04:02,Customer 71,North,Punjab,Office Supplies,Notebook,2,664.15,10,597.73,62.97,UPI,A. Kumar
ORD-11707,1196,2025-01-06 20:48:31,Customer 467,East,West Bengal,Furniture,Desk,5,61847.34,5,58754.97,11879.06,Net Banking,A. Kumar
ORD-10125,1222,2025-01-06 23:59:09,Customer 455,East,West Bengal,Electronics,Headphones,4,22837.56,5,21695.68,3439.99,UPI,K. Yadav
ORD-10813,1228,2025-01-07 02:26:09,Customer 346,East,Odisha,Accessories,Keyboard,3,5941.58,10,5347.42,608.28,Net Banking,P. Sharma
ORD-10841,1177,2025-01-07 07:31:41,Customer 415,East,Bihar,Furniture,Bookshelf,2,13733.93,10,12360.54,1128.96,Cash,K. Yadav
ORD-10535,1322,2025-01-07 22:45:38,Customer 211,West,Goa,Electronics,Headphones,3,14470.17,5,13746.66,2955.68,Credit Card,P. Sharma
ORD-10144,1341,2025-01-08 11:48:16,Customer 264,West,Rajasthan,Electronics,Headphones,4,21523.4,5,20447.23,3976.65,Net Banking,K. Yadav
ORD-10269,1398,2025-01-09 12:59:14,Customer 409,West,Rajasthan,Office Supplies,File Folder,5,1014.99,15,862.74,173.06,Debit Card,K. Yadav
ORD-10010,1179,2025-01-09 21:46:38,Customer 352,Central,Chhattisgarh,Electronics,Tablet,1,23708.65,0,23708.65,3667.42,UPI,S. Verma
ORD-10587,1215,2025-01-10 01:34:18,Customer 40,North,Haryana,Accessories,Keyboard,3,5409.14,15,4597.77,480.28,Credit Card,R. Singh
ORD-10523,1434,2025-01-10 01:39:26,Customer 28,East,Odisha,Electronics,Smartphone,1,31447.92,10,28303.13,2905.84,Credit Card,S. Verma
ORD-10861,1083,2025-01-10 01:55:14,Customer 329,Central,Chhattisgarh,Office Supplies,Notebook,4,1183.35,0,1183.35,148.98,Cash,A. Kumar
ORD-11000,1066,2025-01-10 04:56:55,Customer 422,Central,Madhya Pradesh,Office Supplies,Stapler,3,1256.43,10,1130.79,183.56,Cash,S. Verma
ORD-10849,1187,2025-01-10 16:44:36,Customer 478,East,Jharkhand,Accessories,Backpack,5,14067.14,5,13363.78,2894.62,Net Banking,R. Singh
ORD-10171,1447,2025-01-11 00:10:45,Customer 160,West,Goa,Electronics,Monitor,5,102070.11,15,86759.59,11037.38,Net Banking,R. Singh
ORD-11413,1267,2025-01-11 00:59:55,Customer 397,North,Delhi,Accessories,Keyboard,2,3525.07,0,3525.07,572.08,UPI,A. Kumar
ORD-10247,1273,2025-01-11 02:05:22,Customer 252,North,Punjab,Furniture,Table,3,28128.91,15,23909.57,2755.4,Credit Card,K. Yadav
ORD-11292,1088,2025-01-11 08:58:37,Customer 19,North,Haryana,Furniture,Desk,1,11051.85,5,10499.26,1394.76,UPI,R. Singh
ORD-11007,1212,2025-01-11 12:22:53,Customer 237,North,Haryana,Accessories,Backpack,1,2849.61,5,2707.13,359.79,Net Banking,A. Kumar
ORD-10528,1403,2025-01-11 17:15:09,Customer 45,Central,Chhattisgarh,Electronics,Monitor,5,90038.18,10,81034.36,18046.92,Credit Card,K. Yadav
ORD-11797,1176,2025-01-11 22:56:24,Customer 280,South,Karnataka,Office Supplies,File Folder,2,371.48,0,371.48,33.4,Cash,K. Yadav
ORD-10074,1309,2025-01-12 00:59:19,Customer 104,North,Haryana,Furniture,Office Chair,1,8899.57,5,8454.59,1440.8,Debit Card,R. Singh
ORD-11975,1281,2025-01-12 01:11:58,Customer 334,West,Rajasthan,Office Supplies,Pen Set,4,915.92,0,915.92,79.93,UPI,S. Verma
ORD-11441,1404,2025-01-12 02:23:32,Customer 201,Central,Chhattisgarh,Electronics,Headphones,2,11062.6,15,9403.21,1828.09,UPI,R. Singh
ORD-10084,1361,2025-01-12 04:42:24,Customer 148,Central,Madhya Pradesh,Electronics,Smartphone,4,114380.42,10,102942.38,25307.56,Cash,N. Gupta
ORD-10473,1322,2025-01-12 06:51:52,Customer 363,Central,Chhattisgarh,Electronics,Tablet,1,22939.19,10,20645.27,4677.25,Cash,K. Yadav
ORD-10278,1006,2025-01-12 09:22:36,Customer 8,Central,Chhattisgarh,Electronics,Smartphone,2,56704.62,10,51034.16,8948.77,Cash,N. Gupta
ORD-10529,1034,2025-01-12 12:57:37,Customer 325,West,Goa,Office Supplies,Pen Set,5,1187.94,0,1187.94,110.24,Credit Card,P. Sharma
ORD-11650,1433,2025-01-12 13:43:17,Customer 435,West,Rajasthan,Office Supplies,Stapler,2,795.6,15,676.26,74.7,Debit Card,P. Sharma
ORD-10994,1164,2025-01-13 05:15:52,Customer 175,West,Gujarat,Office Supplies,File Folder,2,375.59,5,356.81,80.84,Debit Card,S. Verma
ORD-11470,1314,2025-01-13 16:41:18,Customer 194,South,Karnataka,Accessories,USB Hub,5,6587.6,5,6258.22,539.71,Cash,S. Verma
ORD-11319,1015,2025-01-13 17:02:48,Customer 112,West,Maharashtra,Furniture,Desk,2,24421.38,10,21979.24,2744.87,Debit Card,P. Sharma
ORD-11705,1070,2025-01-13 22:48:21,Customer 353,West,Goa,Office Supplies,Stapler,3,1165.64,5,1107.36,176.86,Credit Card,N. Gupta
ORD-10463,1034,2025-01-13 23:20:03,Customer 409,West,Goa,Office Supplies,Notebook,1,292.68,15,248.78,56.16,Credit Card,K. Yadav
ORD-11848,1404,2025-01-13 23:39:32,Customer 114,Central,Chhattisgarh,Electronics,Laptop,1,63975.09,15,54378.83,5863.53,UPI,N. Gupta
ORD-11414,1343,2025-01-14 10:12:20,Customer 242,West,Gujarat,Office Supplies,Notebook,4,1126.9,5,1070.56,217.59,Debit Card,P. Sharma
ORD-11500,1397,2025-01-14 18:26:51,Customer 485,South,Tamil Nadu,Electronics,Laptop,5,351724.24,5,334138.03,77153.1,Net Banking,K. Yadav
ORD-10685,1325,2025-01-14 21:06:57,Customer 147,West,Maharashtra,Furniture,Desk,5,59814.37,5,56823.65,13579.54,Debit Card,R. Singh
ORD-11443,1065,2025-01-15 08:20:13,Customer 465,North,Delhi,Furniture,Table,4,43733.92,0,43733.92,3782.38,Credit Card,K. Yadav
ORD-10973,1175,2025-01-15 08:42:42,Customer 385,West,Maharashtra,Accessories,USB Hub,5,6843.53,10,6159.18,924.82,Credit Card,A. Kumar
ORD-10019,1037,2025-01-15 08:44:42,Customer 9,South,Telangana,Furniture,Sofa,1,24011.58,0,24011.58,5583.33,UPI,R. Singh
ORD-10998,1269,2025-01-15 09:52:55,Customer 404,South,Karnataka,Office Supplies,File Folder,1,170.95,0,170.95,38.0,Net Banking,S. Verma
ORD-11239,1404,2025-01-15 15:08:43,Customer 404,West,Gujarat,Office Supplies,Notebook,1,305.8,15,259.93,39.87,UPI,S. Verma
ORD-10758,1342,2025-01-16 09:37:37,Customer 19,North,Haryana,Furniture,Sofa,3,84747.58,0,84747.58,18602.86,Cash,S. Verma
ORD-11829,1059,2025-01-16 14:02:48,Customer 476,South,Tamil Nadu,Office Supplies,Notebook,3,885.31,0,885.31,101.12,Cash,A. Kumar
ORD-10034,1257,2025-01-16 15:44:55,Customer 325,South,Karnataka,Office Supplies,Notebook,4,1192.38,10,1073.14,177.64,Net Banking,S. Verma
ORD-11831,1335,2025-01-16 22:34:36,Customer 70,Central,Madhya Pradesh,Furniture,Bookshelf,4,31849.83,15,27072.36,2881.75,Net Banking,K. Yadav
ORD-10384,1407,2025-01-17 00:20:40,Customer 418,Central,Madhya Pradesh,Office Supplies,File Folder,3,488.26,10,439.43,40.87,Credit Card,N. Gupta
ORD-11059,1246,2025-01-17 05:12:50,Customer 493,West,Maharashtra,Office Supplies,Printer,2,30071.03,20,24056.82,5463.86,Cash,R. Singh
ORD-10982,1393,2025-01-17 07:37:29,Customer 404,South,Telangana,Electronics,Monitor,5,90231.06,0,90231.06,21115.71,Net Banking,A. Kumar
ORD-10824,1282,2025-01-17 09:59:11,Customer 211,South,Kerala,Electronics,Monitor,5,101207.79,10,91087.01,12969.85,Credit Card,S. Verma
ORD-10394,1025,2025-01-17 16:56:41,Customer 206,Central,Madhya Pradesh,Furniture,Sofa,1,23501.41,5,22326.34,3373.17,Credit Card,A. Kumar
ORD-10155,1173,2025-01-17 20:17:45,Customer 47,Central,Chhattisgarh,Accessories,USB Hub,4,4424.45,15,3760.78,539.66,Debit Card,N. Gupta
ORD-11467,1421,2025-01-18 02:44:22,Customer 346,North,Punjab,Electronics,Smartphone,3,94901.83,15,80666.56,11037.18,Net Banking,K. Yadav
ORD-10681,1023,2025-01-18 03:09:35,Customer 109,South,Karnataka,Electronics,Headphones,1,5360.45,5,5092.43,627.86,Debit Card,A. Kumar
ORD-11548,1023,2025-01-18 04:08:24,Customer 303,North,Haryana,Office Supplies,Stapler,4,1507.82,15,1281.65,182.9,Net Banking,P. Sharma
ORD-10353,1011,2025-01-18 05:53:37,Customer 434,West,Goa,Electronics,Monitor,1,19211.89,15,16330.11,2156.04,Cash,P. Sharma
ORD-10399,1180,2025-01-18 07:02:19,Customer 381,West,Goa,Electronics,Monitor,5,82879.31,5,78735.34,16370.62,Net Banking,N. Gupta
ORD-11807,1126,2025-01-18 11:52:06,Customer 388,West,Goa,Office Supplies,Printer,2,28898.13,15,24563.41,5933.42,Net Banking,K. Yadav
ORD-11284,1102,2025-01-18 13:17:40,Customer 104,North,Delhi,Office Supplies,Notebook,3,863.34,5,820.17,132.72,Net Banking,P. Sharma
ORD-11787,1422,2025-01-19 09:33:03,Customer 57,Central,Chhattisgarh,Electronics,Tablet,4,79418.98,10,71477.08,10926.68,UPI,N. Gupta
ORD-10634,1360,2025-01-19 11:16:16,Customer 56,North,Delhi,Electronics,Tablet,4,90391.53,5,85871.95,17741.8,Cash,N. Gupta
ORD-11663,1333,2025-01-19 17:14:03,Customer 459,Central,Chhattisgarh,Electronics,Tablet,3,62949.65,10,56654.69,10328.15,Credit Card,K. Yadav
ORD-11686,1311,2025-01-19 18:22:28,Customer 47,West,Rajasthan,Furniture,Sofa,3,83221.92,10,74899.73,7662.35,Cash,A. Kumar
ORD-10796,1240,2025-01-19 22:36:57,Customer 182,North,Haryana,Electronics,Headphones,5,28738.89,15,24428.06,2154.92,UPI,A. Kumar
ORD-10658,1161,2025-01-20 03:10:05,Customer 56,West,Gujarat,Office Supplies,File Folder,5,886.76,10,798.08,138.43,Cash,A. Kumar
ORD-10064,1067,2025-01-20 03:43:36,Customer 109,North,Haryana,Electronics,Monitor,1,20207.37,10,18186.63,3554.53,Credit Card,S. Verma
ORD-10184,1380,2025-01-20 07:25:21,Customer 11,Central,Chhattisgarh,Electronics,Smartphone,5,156840.85,10,141156.77,30772.3,Credit Card,A. Kumar
ORD-11875,1017,2025-01-20 07:26:56,Customer 186,East,Jharkhand,Electronics,Laptop,5,292663.42,10,263397.08,31726.82,Cash,N. Gupta
ORD-11952,1400,2025-01-20 08:13:27,Customer 250,South,Tamil Nadu,Office Supplies,Printer,1,13591.55,5,12911.97,1234.01,Credit Card,R. Singh
ORD-10403,1077,2025-01-20 14:24:41,Customer 137,South,Tamil Nadu,Electronics,Tablet,5,101255.65,0,101255.65,25137.58,Credit Card,S. Verma
ORD-11451,1180,2025-01-20 19:27:18,Customer 355,South,Kerala,Electronics,Monitor,5,82811.62,10,74530.46,6134.81,Net Banking,R. Singh
ORD-10265,1359,2025-01-20 22:35:07,Customer 41,North,Delhi,Furniture,Bookshelf,4,32196.26,0,32196.26,5304.56,Debit Card,P. Sharma
ORD-11221,1055,2025-01-21 00:52:06,Customer 129,North,Uttar Pradesh,Furniture,Office Chair,2,17026.03,10,15323.43,2246.91,Cash,N. Gupta
ORD-10699,1438,2025-01-21 06:21:06,Customer 66,West,Gujarat,Office Supplies,Printer,4,60540.7,10,54486.63,12027.77,Cash,A. Kumar
ORD-11121,1267,2025-01-21 07:25:41,Customer 144,North,Punjab,Electronics,Monitor,2,37455.13,10,33709.62,4830.37,Net Banking,A. Kumar
ORD-10729,1257,2025-01-21 09:24:16,Customer 239,South,Telangana,Electronics,Smartphone,2,67125.13,5,63768.87,6126.57,UPI,K. Yadav
ORD-10703,1013,2025-01-21 10:38:19,Customer 411,East,West Bengal,Office Supplies,Notebook,2,646.37,0,646.37,55.71,Debit Card,S. Verma
ORD-10288,1188,2025-01-21 15:33:26,Customer 303,Central,Chhattisgarh,Furniture,Bookshelf,5,36021.11,15,30617.94,3919.84,Credit Card,N. Gupta
ORD-11458,1266,2025-01-22 00:21:29,Customer 434,Central,Chhattisgarh,Furniture,Bookshelf,4,31585.4,20,25268.32,4840.01,Cash,K. Yadav
ORD-11358,1185,2025-01-22 14:11:41,Customer 442,Central,Chhattisgarh,Electronics,Smartphone,1,29010.07,0,29010.07,6879.54,Debit Card,S. Verma
ORD-11794,1378,2025-01-22 15:02:44,Customer 257,West,Goa,Office Supplies,Pen Set,2,492.11,5,467.5,109.7,Credit Card,N. Gupta
ORD-10226,1174,2025-01-22 23:30:54,Customer 15,West,Rajasthan,Office Supplies,Printer,5,80520.95,0,80520.95,18907.53,UPI,R. Singh
ORD-11844,1368,2025-01-23 10:12:16,Customer 223,East,Odisha,Electronics,Headphones,5,23899.43,10,21509.49,2140.3,Cash,S. Verma
ORD-11897,1058,2025-01-23 12:25:48,Customer 263,Central,Madhya Pradesh,Furniture,Office Chair,3,28648.2,10,25783.38,4216.8,Debit Card,R. Singh
ORD-11354,1418,2025-01-23 12:30:53,Customer 283,East,Odisha,Electronics,Laptop,3,178229.04,0,178229.04,42435.87,Cash,K. Yadav
ORD-10113,1224,2025-01-23 13:40:13,Customer 349,South,Karnataka,Accessories,Backpack,4,9190.33,15,7811.78,1282.5,Debit Card,P. Sharma
ORD-10336,1245,2025-01-23 14:35:41,Customer 426,West,Gujarat,Office Supplies,Printer,3,45373.09,15,38567.13,8675.27,Cash,P. Sharma
ORD-10560,1415,2025-01-23 22:07:05,Customer 114,South,Karnataka,Office Supplies,Notebook,5,1671.87,10,1504.68,320.99,Cash,S. Verma
ORD-10025,1223,2025-01-24 00:32:53,Customer 58,North,Punjab,Electronics,Headphones,1,4896.15,5,4651.34,812.39,Debit Card,K. Yadav
ORD-11636,1108,2025-01-24 05:37:08,Customer 425,East,Jharkhand,Accessories,Backpack,1,2366.83,10,2130.15,440.72,Cash,P. Sharma
ORD-10761,1025,2025-01-24 15:19:21,Customer 325,East,Jharkhand,Accessories,Mouse,1,1032.8,5,981.16,80.46,Debit Card,P. Sharma
ORD-10333,1331,2025-01-24 20:03:05,Customer 479,South,Tamil Nadu,Furniture,Bookshelf,3,22609.83,5,21479.34,3067.51,Debit Card,R. Singh
ORD-10402,1441,2025-01-24 23:45:23,Customer 9,West,Goa,Electronics,Laptop,3,195551.07,5,185773.52,36096.77,Cash,P. Sharma
ORD-11143,1410,2025-01-25 01:27:30,Customer 343,Central,Chhattisgarh,Electronics,Headphones,5,25281.94,10,22753.75,2310.48,Cash,N. Gupta
ORD-10516,1330,2025-01-25 01:56:03,Customer 333,West,Goa,Electronics,Monitor,1,18028.87,15,15324.54,2915.89,UPI,N. Gupta
ORD-10609,1241,2025-01-25 04:50:28,Customer 178,Central,Madhya Pradesh,Furniture,Office Chair,3,27972.73,10,25175.46,3540.05,Debit Card,S. Verma
ORD-10202,1007,2025-01-25 05:08:21,Customer 127,West,Goa,Electronics,Smartphone,2,62429.89,5,59308.4,7922.55,Credit Card,R. Singh
ORD-11776,1092,2025-01-25 07:37:09,Customer 376,South,Karnataka,Accessories,Keyboard,4,6816.05,15,5793.64,1194.09,UPI,N. Gupta
ORD-10407,1283,2025-01-25 10:46:08,Customer 182,East,Odisha,Electronics,Smartphone,3,102686.02,0,102686.02,10864.37,Credit Card,A. Kumar
ORD-11789,1345,2025-01-25 11:26:37,Customer 22,West,Gujarat,Office Supplies,Notebook,5,1383.78,20,1107.02,192.36,Cash,P. Sharma
ORD-11799,1057,2025-01-25 13:21:12,Customer 113,East,West Bengal,Electronics,Monitor,5,92958.02,0,92958.02,13257.1,Net Banking,S. Verma
ORD-10618,1337,2025-01-25 23:11:38,Customer 95,North,Delhi,Accessories,Backpack,5,11694.32,0,11694.32,2179.74,Credit Card,K. Yadav
ORD-10134,1442,2025-01-26 19:13:00,Customer 24,South,Kerala,Office Supplies,File Folder,1,199.82,5,189.83,46.19,Cash,N. Gupta
ORD-10077,1411,2025-01-26 23:31:42,Customer 115,Central,Chhattisgarh,Office Supplies,File Folder,5,919.43,10,827.49,174.78,Debit Card,S. Verma
ORD-11118,1305,2025-01-27 11:01:53,Customer 105,South,Telangana,Furniture,Desk,4,45794.26,15,38925.12,3247.79,Cash,R. Singh
ORD-10763,1347,2025-01-27 12:40:56,Customer 269,North,Punjab,Furniture,Bookshelf,4,29669.81,0,29669.81,7045.62,Net Banking,S. Verma
ORD-11524,1201,2025-01-27 16:48:14,Customer 9,Central,Chhattisgarh,Furniture,Desk,4,46371.12,15,39415.45,7435.15,Credit Card,S. Verma
ORD-11309,1123,2025-01-27 21:12:03,Customer 277,Central,Madhya Pradesh,Furniture,Bookshelf,2,13899.17,10,12509.25,1819.37,UPI,K. Yadav
ORD-11213,1273,2025-01-28 00:15:31,Customer 474,East,West Bengal,Electronics,Tablet,2,49085.34,5,46631.07,6424.94,Net Banking,P. Sharma
ORD-11509,1173,2025-01-28 09:30:08,Customer 458,South,Tamil Nadu,Electronics,Tablet,5,105592.96,0,105592.96,20867.78,UPI,A. Kumar
ORD-11154,1186,2025-01-28 15:05:17,Customer 54,Central,Madhya Pradesh,Accessories,USB Hub,4,4936.9,15,4196.36,589.15,UPI,P. Sharma
ORD-11370,1007,2025-01-28 18:21:41,Customer 109,North,Delhi,Furniture,Sofa,5,135104.96,5,128349.71,17230.56,Cash,K. Yadav
ORD-10486,1097,2025-01-29 01:02:32,Customer 169,South,Kerala,Office Supplies,File Folder,2,393.12,10,353.81,66.39,Debit Card,P. Sharma
ORD-10081,1399,2025-01-29 02:19:00,Customer 431,Central,Madhya Pradesh,Electronics,Monitor,1,17694.66,5,16809.93,1994.62,UPI,N. Gupta
ORD-11670,1379,2025-01-29 03:12:15,Customer 32,South,Karnataka,Office Supplies,Stapler,3,1173.23,20,938.58,194.57,Credit Card,P. Sharma
ORD-11750,1212,2025-01-29 06:02:34,Customer 168,Central,Chhattisgarh,Furniture,Sofa,3,71812.31,10,64631.08,5911.29,Debit Card,N. Gupta
ORD-10124,1079,2025-01-29 06:24:26,Customer 174,West,Gujarat,Accessories,Webcam,4,13249.34,15,11261.94,2387.77,Credit Card,S. Verma
ORD-10830,1184,2025-01-29 08:59:10,Customer 273,South,Karnataka,Furniture,Table,2,22428.51,10,20185.66,2176.07,UPI,N. Gupta
ORD-11553,1113,2025-01-29 10:08:37,Customer 156,North,Haryana,Furniture,Office Chair,1,8901.84,10,8011.66,688.22,Credit Card,A. Kumar
ORD-10300,1013,2025-01-29 14:59:59,Customer 320,East,Odisha,Furniture,Office Chair,3,27199.77,5,25839.78,4185.66,Debit Card,R. Singh
ORD-11696,1130,2025-01-29 15:37:56,Customer 418,South,Kerala,Electronics,Monitor,2,35775.37,5,33986.6,3842.87,Debit Card,N. Gupta
ORD-11552,1369,2025-01-30 00:12:12,Customer 232,Central,Madhya Pradesh,Accessories,Keyboard,1,1652.88,10,1487.59,343.08,Credit Card,S. Verma
ORD-11560,1010,2025-01-30 09:58:46,Customer 44,North,Delhi,Office Supplies,File Folder,4,738.69,10,664.82,61.75,Debit Card,P. Sharma
ORD-11063,1262,2025-01-30 12:59:47,Customer 179,West,Maharashtra,Furniture,Sofa,1,24506.38,5,23281.06,5336.75,Net Banking,R. Singh
ORD-10539,1433,2025-01-30 17:59:08,Customer 129,West,Goa,Electronics,Tablet,3,65044.15,15,55287.53,6662.66,Credit Card,R. Singh
ORD-10614,1029,2025-01-30 18:58:57,Customer 107,East,Bihar,Accessories,USB Hub,3,3376.14,5,3207.33,461.58,Credit Card,S. Verma
ORD-10554,1079,2025-01-31 00:24:09,Customer 123,South,Kerala,Electronics,Smartphone,5,167481.89,10,150733.7,19657.39,Cash,P. Sharma
ORD-11303,1242,2025-01-31 02:56:02,Customer 116,South,Kerala,Office Supplies,Stapler,4,1586.58,0,1586.58,389.72,Cash,P. Sharma
ORD-10602,1278,2025-01-31 03:35:02,Customer 205,East,West Bengal,Accessories,USB Hub,1,1105.14,10,994.63,208.51,UPI,K. Yadav
ORD-10664,1039,2025-01-31 09:43:34,Customer 139,East,Odisha,Office Supplies,Stapler,2,881.57,10,793.41,138.45,Cash,S. Verma
ORD-10413,1148,2025-01-31 10:18:57,Customer 294,West,Gujarat,Furniture,Table,4,42054.81,5,39952.07,8884.55,Debit Card,N. Gupta
ORD-10395,1099,2025-01-31 18:49:46,Customer 11,South,Karnataka,Electronics,Laptop,1,69252.93,10,62327.64,6713.51,Net Banking,N. Gupta
ORD-10003,1307,2025-01-31 19:44:06,Customer 21,West,Goa,Furniture,Bookshelf,4,28799.64,10,25919.68,2278.25,UPI,P. Sharma
ORD-11730,1367,2025-01-31 20:57:04,Customer 298,East,Bihar,Electronics,Monitor,3,54327.2,10,48894.48,11029.62,Credit Card,K. Yadav
ORD-10027,1321,2025-02-01 05:43:35,Customer 494,South,Kerala,Electronics,Headphones,4,20556.71,10,18501.04,3990.86,Cash,R. Singh
ORD-10006,1338,2025-02-01 07:10:38,Customer 53,West,Gujarat,Furniture,Sofa,4,91130.68,5,86574.15,12646.33,Credit Card,A. Kumar
ORD-11310,1415,2025-02-01 11:29:31,Customer 136,South,Kerala,Electronics,Laptop,2,124575.56,15,105889.23,10048.16,Net Banking,N. Gupta
ORD-10724,1221,2025-02-01 22:47:31,Customer 113,East,Bihar,Accessories,Backpack,3,7763.92,20,6211.14,766.34,Credit Card,R. Singh
ORD-11280,1071,2025-02-02 09:44:48,Customer 187,West,Goa,Furniture,Sofa,4,113381.26,5,107712.2,15193.65,Debit Card,N. Gupta
ORD-10773,1112,2025-02-02 22:08:30,Customer 165,East,Bihar,Office Supplies,File Folder,5,892.52,5,847.89,132.3,Debit Card,K. Yadav
ORD-10513,1251,2025-02-03 05:23:01,Customer 208,Central,Chhattisgarh,Furniture,Desk,3,38566.57,5,36638.24,4185.88,UPI,S. Verma
ORD-10764,1029,2025-02-03 06:09:42,Customer 347,North,Haryana,Office Supplies,Printer,2,29796.57,0,29796.57,4440.84,Cash,N. Gupta
ORD-11739,1304,2025-02-03 07:32:47,Customer 11,West,Gujarat,Office Supplies,Pen Set,1,254.34,15,216.19,47.38,UPI,N. Gupta
ORD-11740,1349,2025-02-03 08:52:00,Customer 228,South,Tamil Nadu,Furniture,Table,2,18698.88,0,18698.88,1638.59,Credit Card,N. Gupta
ORD-11035,1396,2025-02-03 09:26:41,Customer 9,South,Karnataka,Office Supplies,Printer,2,27349.06,0,27349.06,5188.24,UPI,N. Gupta
ORD-10148,1331,2025-02-03 10:01:36,Customer 344,Central,Chhattisgarh,Electronics,Tablet,2,47985.14,15,40787.37,6283.26,UPI,N. Gupta
ORD-11060,1178,2025-02-03 10:27:31,Customer 424,East,Bihar,Office Supplies,Stapler,3,1293.01,0,1293.01,228.73,Debit Card,P. Sharma
ORD-10521,1261,2025-02-04 05:32:12,Customer 83,North,Haryana,Office Supplies,File Folder,3,513.65,15,436.6,89.74,Debit Card,P. Sharma
ORD-10011,1327,2025-02-04 05:57:14,Customer 243,Central,Chhattisgarh,Office Supplies,File Folder,5,931.46,5,884.89,212.63,Cash,P. Sharma
ORD-10036,1386,2025-02-04 10:44:02,Customer 242,West,Rajasthan,Office Supplies,Notebook,3,854.05,0,854.05,82.96,Debit Card,A. Kumar
ORD-10315,1358,2025-02-04 11:57:52,Customer 376,South,Karnataka,Office Supplies,Pen Set,4,1133.18,10,1019.86,116.31,Debit Card,K. Yadav
ORD-11011,1243,2025-02-04 17:32:38,Customer 231,East,Bihar,Office Supplies,File Folder,5,853.24,0,853.24,117.14,Cash,P. Sharma
ORD-11388,1211,2025-02-04 21:42:30,Customer 384,East,Jharkhand,Office Supplies,Stapler,4,1644.84,5,1562.6,167.82,Net Banking,P. Sharma
ORD-10918,1362,2025-02-04 22:42:12,Customer 458,West,Maharashtra,Office Supplies,Notebook,5,1484.96,15,1262.22,215.55,Credit Card,N. Gupta
ORD-11145,1329,2025-02-05 02:03:22,Customer 355,West,Gujarat,Electronics,Monitor,1,19239.55,0,19239.55,3773.33,Credit Card,S. Verma
ORD-10149,1291,2025-02-05 03:38:19,Customer 102,North,Punjab,Office Supplies,File Folder,3,538.46,10,484.61,58.34,Credit Card,R. Singh
ORD-10783,1357,2025-02-05 05:40:10,Customer 380,East,Bihar,Electronics,Laptop,3,180540.5,10,162486.45,19349.88,Credit Card,A. Kumar
ORD-10782,1159,2025-02-05 07:01:47,Customer 348,North,Punjab,Office Supplies,File Folder,1,192.17,5,182.56,26.44,Credit Card,S. Verma
ORD-11550,1249,2025-02-05 14:21:42,Customer 57,West,Gujarat,Furniture,Bookshelf,5,33102.43,10,29792.19,3454.97,Credit Card,P. Sharma
ORD-10710,1088,2025-02-05 15:36:42,Customer 187,South,Tamil Nadu,Electronics,Monitor,5,91894.15,10,82704.73,6874.49,Credit Card,A. Kumar
ORD-10706,1089,2025-02-05 17:41:54,Customer 116,West,Maharashtra,Office Supplies,Printer,3,47768.03,5,45379.63,10825.32,UPI,K. Yadav
ORD-10932,1334,2025-02-05 19:15:48,Customer 56,Central,Chhattisgarh,Electronics,Smartphone,2,64162.0,15,54537.7,6448.21,UPI,S. Verma
ORD-11695,1059,2025-02-06 00:10:27,Customer 472,South,Kerala,Office Supplies,Printer,2,30808.88,10,27727.99,6833.15,Debit Card,K. Yadav
ORD-11065,1334,2025-02-06 10:19:33,Customer 47,South,Tamil Nadu,Office Supplies,File Folder,2,360.34,5,342.32,65.14,Net Banking,R. Singh
ORD-10450,1296,2025-02-06 10:24:47,Customer 301,South,Telangana,Furniture,Bookshelf,1,7603.29,10,6842.96,775.16,Net Banking,A. Kumar
ORD-11048,1443,2025-02-06 12:46:30,Customer 26,West,Rajasthan,Electronics,Laptop,3,223761.55,10,201385.39,41221.22,Debit Card,S. Verma
ORD-10974,1307,2025-02-06 16:50:50,Customer 257,East,Odisha,Office Supplies,Notebook,5,1427.59,15,1213.45,204.96,UPI,N. Gupta
ORD-11690,1143,2025-02-06 18:44:31,Customer 97,West,Rajasthan,Office Supplies,Notebook,3,1020.64,15,867.54,92.45,Cash,R. Singh
ORD-11442,1296,2025-02-06 21:33:38,Customer 468,Central,Madhya Pradesh,Electronics,Laptop,3,220368.35,5,209349.93,42928.37,Cash,S. Verma
ORD-11373,1257,2025-02-06 22:39:23,Customer 113,South,Tamil Nadu,Office Supplies,Notebook,5,1525.0,10,1372.5,311.19,Credit Card,P. Sharma
ORD-11024,1104,2025-02-06 23:51:15,Customer 51,West,Maharashtra,Accessories,Webcam,3,10092.7,10,9083.43,1649.99,Credit Card,N. Gupta
ORD-10817,1191,2025-02-07 01:08:10,Customer 440,South,Tamil Nadu,Office Supplies,Pen Set,2,496.74,20,397.39,33.29,Debit Card,A. Kumar
ORD-10438,1147,2025-02-07 09:26:26,Customer 392,East,Bihar,Office Supplies,File Folder,3,492.91,5,468.26,78.19,Credit Card,S. Verma
ORD-10197,1107,2025-02-07 11:52:16,Customer 350,West,Rajasthan,Office Supplies,Notebook,5,1419.18,5,1348.22,184.53,Net Banking,K. Yadav
ORD-11129,1030,2025-02-07 18:23:03,Customer 369,North,Delhi,Furniture,Table,1,9914.99,15,8427.74,1247.07,Debit Card,S. Verma
ORD-10752,1161,2025-02-07 20:01:36,Customer 200,North,Delhi,Office Supplies,Notebook,2,642.22,5,610.11,140.47,Cash,N. Gupta
ORD-11549,1074,2025-02-08 01:11:17,Customer 369,South,Tamil Nadu,Office Supplies,File Folder,4,749.41,0,749.41,143.11,Credit Card,R. Singh
ORD-10619,1135,2025-02-08 03:24:13,Customer 156,East,Jharkhand,Electronics,Headphones,2,9797.04,10,8817.34,1020.34,Cash,K. Yadav
ORD-11170,1270,2025-02-08 04:27:28,Customer 205,North,Uttar Pradesh,Office Supplies,Notebook,3,966.56,20,773.25,71.99,UPI,R. Singh
ORD-10507,1020,2025-02-08 06:48:55,Customer 343,Central,Chhattisgarh,Furniture,Desk,5,66076.75,0,66076.75,6069.3,UPI,A. Kumar
ORD-10865,1385,2025-02-08 08:28:43,Customer 107,South,Kerala,Electronics,Monitor,2,33279.37,0,33279.37,3573.77,Cash,A. Kumar
ORD-11205,1407,2025-02-08 10:28:58,Customer 173,East,West Bengal,Electronics,Smartphone,2,67112.73,5,63757.09,7326.19,Credit Card,P. Sharma
ORD-11913,1288,2025-02-08 18:36:15,Customer 115,North,Haryana,Office Supplies,Notebook,4,1211.46,10,1090.31,208.66,Credit Card,K. Yadav
ORD-11368,1093,2025-02-09 00:08:36,Customer 139,Central,Madhya Pradesh,Office Supplies,Stapler,4,1670.92,10,1503.83,187.98,Net Banking,N. Gupta
ORD-10972,1071,2025-02-09 12:12:33,Customer 95,Central,Madhya Pradesh,Electronics,Headphones,4,20899.84,15,17764.86,1628.82,Net Banking,A. Kumar
ORD-10198,1349,2025-02-09 12:51:11,Customer 421,North,Haryana,Electronics,Headphones,3,14472.36,10,13025.12,2974.47,Cash,A. Kumar
ORD-11146,1119,2025-02-09 16:30:31,Customer 353,Central,Madhya Pradesh,Office Supplies,Notebook,1,340.64,10,306.58,67.85,Net Banking,S. Verma
ORD-11710,1313,2025-02-09 18:30:58,Customer 93,East,West Bengal,Accessories,USB Hub,5,5930.99,10,5337.89,985.48,Cash,S. Verma
ORD-10381,1223,2025-02-09 19:21:29,Customer 469,East,Jharkhand,Electronics,Headphones,5,27617.13,20,22093.7,2742.8,Credit Card,S. Verma
ORD-11250,1212,2025-02-10 03:43:18,Customer 153,East,Jharkhand,Office Supplies,Pen Set,2,477.21,0,477.21,82.9,Debit Card,N. Gupta
ORD-11268,1313,2025-02-10 04:09:26,Customer 437,North,Delhi,Furniture,Desk,2,23068.21,15,19607.98,3511.83,UPI,S. Verma
ORD-10501,1071,2025-02-10 06:06:23,Customer 48,Central,Chhattisgarh,Electronics,Smartphone,4,133263.21,10,119936.89,16238.28,Debit Card,K. Yadav
ORD-11716,1319,2025-02-10 08:16:15,Customer 191,West,Maharashtra,Electronics,Smartphone,3,84316.12,5,80100.31,11992.24,Net Banking,K. Yadav
ORD-10985,1142,2025-02-10 09:35:13,Customer 72,North,Punjab,Furniture,Bookshelf,2,14678.13,0,14678.13,1821.91,Debit Card,P. Sharma
ORD-10715,1269,2025-02-10 10:43:05,Customer 131,South,Karnataka,Furniture,Desk,3,40201.7,10,36181.53,7009.78,Debit Card,A. Kumar
ORD-11137,1351,2025-02-10 11:38:34,Customer 155,Central,Chhattisgarh,Office Supplies,Printer,4,62487.27,5,59362.91,6547.71,Credit Card,P. Sharma
ORD-11949,1291,2025-02-11 05:57:43,Customer 169,Central,Chhattisgarh,Electronics,Smartphone,3,81182.67,10,73064.4,10428.85,Net Banking,A. Kumar
ORD-11100,1075,2025-02-11 06:18:37,Customer 478,South,Karnataka,Office Supplies,Notebook,2,599.22,10,539.3,125.39,Credit Card,P. Sharma
ORD-11712,1092,2025-02-11 09:48:02,Customer 273,North,Punjab,Electronics,Monitor,5,102610.79,0,102610.79,20123.87,Credit Card,P. Sharma
ORD-10166,1449,2025-02-11 14:20:58,Customer 323,West,Maharashtra,Electronics,Headphones,2,9952.27,5,9454.66,1140.6,Cash,K. Yadav
ORD-11511,1176,2025-02-11 16:35:47,Customer 454,North,Delhi,Accessories,Keyboard,4,6694.48,5,6359.76,617.05,Debit Card,P. Sharma
ORD-11018,1397,2025-02-11 21:26:43,Customer 78,West,Maharashtra,Electronics,Monitor,2,34991.81,15,29743.04,6767.22,Cash,P. Sharma
ORD-11622,1393,2025-02-11 21:35:09,Customer 485,West,Maharashtra,Electronics,Smartphone,2,64065.19,10,57658.67,10095.94,Debit Card,A. Kumar
ORD-11112,1184,2025-02-12 06:07:04,Customer 493,West,Rajasthan,Electronics,Headphones,3,13729.39,5,13042.92,2023.14,Cash,N. Gupta
ORD-10455,1244,2025-02-12 09:14:57,Customer 444,Central,Chhattisgarh,Electronics,Laptop,3,179779.68,5,170790.7,28705.34,Cash,N. Gupta
ORD-11977,1292,2025-02-12 12:17:58,Customer 125,Central,Chhattisgarh,Furniture,Sofa,2,50718.23,20,40574.58,8416.94,Credit Card,N. Gupta
ORD-10877,1448,2025-02-12 21:03:15,Customer 328,East,West Bengal,Office Supplies,Notebook,4,1207.4,5,1147.03,249.01,UPI,K. Yadav
ORD-11991,1139,2025-02-12 22:41:08,Customer 66,Central,Chhattisgarh,Furniture,Table,3,30973.97,5,29425.27,6336.03,Cash,P. Sharma
ORD-11483,1412,2025-02-12 23:09:05,Customer 472,Central,Madhya Pradesh,Accessories,Mouse,1,852.57,10,767.31,163.05,Net Banking,A. Kumar
ORD-10742,1183,2025-02-13 03:15:04,Customer 145,North,Haryana,Electronics,Headphones,3,14313.05,10,12881.75,3156.2,Credit Card,S. Verma
ORD-11547,1186,2025-02-13 05:53:57,Customer 353,East,West Bengal,Accessories,USB Hub,2,2280.86,20,1824.69,298.85,Credit Card,A. Kumar
ORD-10975,1238,2025-02-13 06:13:29,Customer 152,West,Goa,Office Supplies,Pen Set,5,1281.93,20,1025.54,246.21,Net Banking,K. Yadav
ORD-10627,1432,2025-02-13 13:49:53,Customer 204,West,Maharashtra,Office Supplies,Printer,2,30547.43,10,27492.69,3090.12,Debit Card,R. Singh
ORD-11504,1228,2025-02-13 18:54:47,Customer 353,North,Delhi,Electronics,Laptop,3,183857.32,20,147085.86,23482.7,Debit Card,A. Kumar
ORD-10586,1255,2025-02-13 19:58:52,Customer 380,South,Tamil Nadu,Office Supplies,Stapler,4,1789.41,5,1699.94,197.12,Credit Card,A. Kumar
ORD-10559,1084,2025-02-14 00:24:34,Customer 191,South,Kerala,Office Supplies,Pen Set,3,796.91,20,637.53,149.83,Debit Card,P. Sharma
ORD-11009,1240,2025-02-14 03:04:21,Customer 418,West,Rajasthan,Accessories,Backpack,4,10312.34,10,9281.11,1448.74,Debit Card,A. Kumar
ORD-11318,1087,2025-02-14 15:43:43,Customer 241,North,Uttar Pradesh,Furniture,Bookshelf,4,30287.18,15,25744.1,4732.47,Debit Card,S. Verma
ORD-11302,1014,2025-02-14 19:47:46,Customer 33,West,Gujarat,Electronics,Monitor,4,78811.57,10,70930.41,15710.85,Cash,A. Kumar
ORD-11526,1015,2025-02-15 02:29:58,Customer 63,East,Odisha,Accessories,Backpack,5,14356.24,10,12920.62,2073.98,Net Banking,S. Verma
ORD-10167,1012,2025-02-15 02:56:46,Customer 49,South,Telangana,Accessories,Webcam,3,10958.29,10,9862.46,1444.63,Credit Card,K. Yadav
ORD-11339,1002,2025-02-15 08:37:39,Customer 68,West,Maharashtra,Accessories,Webcam,2,6750.47,5,6412.95,901.33,Net Banking,N. Gupta
ORD-11286,1442,2025-02-15 09:10:46,Customer 428,West,Goa,Accessories,USB Hub,2,2249.31,15,1911.91,348.12,Net Banking,R. Singh
ORD-11253,1446,2025-02-15 10:58:46,Customer 204,West,Gujarat,Electronics,Laptop,5,359233.02,10,323309.72,65326.84,Net Banking,P. Sharma
ORD-10191,1223,2025-02-15 13:41:10,Customer 70,West,Maharashtra,Electronics,Laptop,2,141656.98,10,127491.28,26590.22,Debit Card,N. Gupta
ORD-11295,1147,2025-02-15 17:33:30,Customer 38,West,Maharashtra,Accessories,Mouse,1,1001.15,10,901.03,131.45,Net Banking,N. Gupta
ORD-11884,1417,2025-02-15 20:53:31,Customer 35,Central,Madhya Pradesh,Electronics,Tablet,3,74023.31,10,66620.98,6962.37,Credit Card,S. Verma
ORD-10479,1022,2025-02-16 10:00:42,Customer 212,North,Uttar Pradesh,Electronics,Tablet,1,21402.49,10,19262.24,2775.06,Net Banking,R. Singh
ORD-11574,1383,2025-02-16 17:41:12,Customer 366,North,Uttar Pradesh,Electronics,Smartphone,2,64285.9,10,57857.31,6916.18,Debit Card,A. Kumar
ORD-11931,1088,2025-02-16 20:51:50,Customer 94,North,Uttar Pradesh,Accessories,USB Hub,4,5190.88,5,4931.34,919.63,UPI,S. Verma
ORD-10601,1169,2025-02-16 22:23:52,Customer 323,Central,Madhya Pradesh,Furniture,Table,4,42844.35,10,38559.91,8100.48,UPI,A. Kumar
ORD-11475,1328,2025-02-17 03:10:20,Customer 180,East,Odisha,Office Supplies,File Folder,5,831.53,5,789.95,96.92,UPI,P. Sharma
ORD-10750,1067,2025-02-17 04:49:00,Customer 444,South,Tamil Nadu,Furniture,Table,5,53483.25,10,48134.93,11718.01,Net Banking,N. Gupta
ORD-10568,1204,2025-02-17 13:22:29,Customer 293,Central,Madhya Pradesh,Office Supplies,Notebook,5,1643.05,10,1478.75,328.07,Cash,S. Verma
ORD-10096,1055,2025-02-17 19:37:59,Customer 246,East,Jharkhand,Furniture,Sofa,1,27009.58,10,24308.62,5867.67,Net Banking,A. Kumar
ORD-11431,1381,2025-02-17 20:31:07,Customer 327,East,Bihar,Electronics,Tablet,1,21474.44,10,19327.0,2933.84,UPI,A. Kumar
ORD-11116,1382,2025-02-18 08:01:56,Customer 390,Central,Madhya Pradesh,Electronics,Headphones,4,19855.32,10,17869.79,1484.74,UPI,A. Kumar
ORD-10094,1237,2025-02-18 10:14:16,Customer 309,Central,Chhattisgarh,Electronics,Tablet,1,21265.74,10,19139.17,2346.93,Credit Card,N. Gupta
ORD-11946,1442,2025-02-18 16:47:53,Customer 13,North,Punjab,Electronics,Monitor,1,17776.43,5,16887.61,3429.76,Net Banking,S. Verma
ORD-11034,1406,2025-02-19 00:55:01,Customer 263,East,West Bengal,Furniture,Desk,5,68674.04,15,58372.93,8233.04,Debit Card,R. Singh
ORD-11186,1087,2025-02-19 02:47:18,Customer 85,North,Delhi,Office Supplies,Stapler,5,2261.07,10,2034.96,313.75,Net Banking,N. Gupta
ORD-11211,1318,2025-02-19 12:02:57,Customer 360,South,Tamil Nadu,Furniture,Bookshelf,3,21402.74,15,18192.33,3694.45,UPI,N. Gupta
ORD-11611,1191,2025-02-19 19:15:48,Customer 485,Central,Chhattisgarh,Furniture,Sofa,2,46800.25,15,39780.21,9863.96,Net Banking,P. Sharma
ORD-10223,1334,2025-02-19 23:50:53,Customer 41,North,Punjab,Furniture,Sofa,1,27653.34,0,27653.34,3276.36,Cash,R. Singh
ORD-11912,1292,2025-02-20 04:09:06,Customer 231,Central,Chhattisgarh,Electronics,Monitor,4,76608.83,10,68947.95,8712.48,Credit Card,R. Singh
ORD-10663,1051,2025-02-20 10:30:47,Customer 176,Central,Madhya Pradesh,Electronics,Smartphone,1,28497.52,5,27072.64,4474.81,Net Banking,K. Yadav
ORD-11757,1190,2025-02-20 12:43:27,Customer 340,East,West Bengal,Accessories,Keyboard,4,7762.19,5,7374.08,1384.58,UPI,A. Kumar
ORD-10819,1183,2025-02-20 13:40:46,Customer 403,East,West Bengal,Furniture,Office Chair,1,9182.12,5,8723.01,1236.42,Debit Card,N. Gupta
ORD-10956,1269,2025-02-20 15:32:59,Customer 47,North,Delhi,Electronics,Smartphone,5,162012.11,10,145810.9,21468.2,Debit Card,K. Yadav
ORD-11963,1170,2025-02-20 16:33:57,Customer 56,South,Telangana,Electronics,Laptop,3,218983.53,5,208034.35,42260.44,Net Banking,N. Gupta
ORD-10393,1113,2025-02-21 04:34:48,Customer 329,East,West Bengal,Accessories,Webcam,1,3678.09,10,3310.28,652.02,Credit Card,R. Singh
ORD-11928,1134,2025-02-21 10:02:55,Customer 89,East,Jharkhand,Electronics,Laptop,2,130187.0,0,130187.0,18478.12,Cash,S. Verma
ORD-11793,1042,2025-02-21 11:23:31,Customer 303,East,Jharkhand,Accessories,Mouse,1,938.84,15,798.01,117.16,Credit Card,R. Singh
ORD-11254,1181,2025-02-21 12:57:34,Customer 487,East,West Bengal,Electronics,Tablet,2,43134.88,20,34507.9,3685.69,Debit Card,K. Yadav
ORD-11542,1258,2025-02-21 17:11:38,Customer 174,East,Odisha,Furniture,Office Chair,5,45988.35,5,43688.93,4363.37,Credit Card,S. Verma
ORD-10771,1115,2025-02-21 18:50:20,Customer 90,South,Telangana,Accessories,Webcam,3,11006.58,15,9355.59,1826.97,Cash,A. Kumar
ORD-11833,1068,2025-02-22 02:29:17,Customer 17,Central,Chhattisgarh,Furniture,Office Chair,3,27027.04,15,22972.98,4091.77,Net Banking,N. Gupta
ORD-11597,1370,2025-02-22 15:42:29,Customer 166,West,Goa,Office Supplies,File Folder,5,835.14,5,793.38,91.83,Cash,N. Gupta
ORD-10762,1038,2025-02-22 15:54:16,Customer 135,South,Tamil Nadu,Electronics,Smartphone,5,160134.52,5,152127.79,28328.51,Debit Card,N. Gupta
ORD-11188,1296,2025-02-22 16:04:02,Customer 84,South,Tamil Nadu,Electronics,Smartphone,1,33650.51,10,30285.46,7478.9,Debit Card,K. Yadav
ORD-11826,1249,2025-02-22 16:33:24,Customer 21,Central,Madhya Pradesh,Office Supplies,Stapler,5,2150.88,5,2043.34,396.67,Debit Card,R. Singh
ORD-10802,1212,2025-02-22 18:31:52,Customer 158,East,Odisha,Furniture,Desk,2,25364.38,5,24096.16,3125.43,Credit Card,P. Sharma
ORD-10525,1239,2025-02-22 19:44:30,Customer 367,West,Maharashtra,Electronics,Monitor,2,40805.8,0,40805.8,8795.98,Debit Card,R. Singh
ORD-11273,1016,2025-02-23 12:00:10,Customer 106,North,Uttar Pradesh,Electronics,Headphones,4,19950.85,5,18953.31,3877.79,UPI,P. Sharma
ORD-11461,1270,2025-02-23 19:22:17,Customer 313,East,Odisha,Electronics,Tablet,2,50494.42,15,42920.26,3766.36,Net Banking,K. Yadav
ORD-10082,1075,2025-02-23 22:43:49,Customer 386,North,Uttar Pradesh,Office Supplies,File Folder,2,354.01,5,336.31,57.63,Credit Card,R. Singh
ORD-11731,1076,2025-02-24 06:11:41,Customer 439,East,Jharkhand,Office Supplies,File Folder,1,171.97,5,163.37,23.08,Cash,K. Yadav
ORD-10238,1420,2025-02-24 06:21:22,Customer 429,Central,Chhattisgarh,Furniture,Office Chair,1,8251.62,5,7839.04,1762.32,UPI,N. Gupta
ORD-10498,1269,2025-02-24 20:17:17,Customer 216,West,Maharashtra,Furniture,Desk,4,48901.2,15,41566.02,7035.4,Credit Card,S. Verma
ORD-11334,1386,2025-02-25 11:31:20,Customer 247,West,Maharashtra,Electronics,Headphones,5,26477.15,10,23829.43,2324.82,UPI,N. Gupta
ORD-11037,1146,2025-02-25 23:16:45,Customer 316,North,Uttar Pradesh,Electronics,Smartphone,2,66186.84,5,62877.5,10917.19,Credit Card,N. Gupta
ORD-11397,1272,2025-02-26 03:47:13,Customer 294,South,Karnataka,Electronics,Headphones,4,22157.85,10,19942.07,2809.33,UPI,P. Sharma
ORD-10569,1046,2025-02-26 09:36:54,Customer 331,North,Delhi,Electronics,Laptop,5,295215.67,10,265694.1,28776.16,Cash,N. Gupta
ORD-11362,1110,2025-02-26 15:46:41,Customer 468,West,Rajasthan,Electronics,Smartphone,4,120012.49,10,108011.24,24905.18,Credit Card,K. Yadav
ORD-11406,1362,2025-02-26 19:42:14,Customer 430,South,Karnataka,Furniture,Table,5,52400.8,10,47160.72,7732.66,UPI,K. Yadav
ORD-10294,1149,2025-02-27 20:38:31,Customer 241,East,Bihar,Electronics,Tablet,4,100866.88,15,85736.85,12589.87,Debit Card,P. Sharma
ORD-10340,1070,2025-02-28 13:58:20,Customer 405,West,Gujarat,Office Supplies,Stapler,1,403.23,0,403.23,50.05,Debit Card,N. Gupta
ORD-11044,1152,2025-02-28 15:08:39,Customer 224,North,Delhi,Office Supplies,Stapler,4,1779.0,5,1690.05,250.12,UPI,K. Yadav
ORD-11866,1151,2025-02-28 22:27:58,Customer 337,South,Kerala,Furniture,Sofa,1,24532.17,10,22078.95,4896.7,Cash,R. Singh
ORD-10248,1374,2025-03-01 00:25:54,Customer 64,North,Punjab,Office Supplies,File Folder,5,843.3,15,716.8,143.97,Debit Card,N. Gupta
ORD-10683,1385,2025-03-01 04:50:11,Customer 356,Central,Madhya Pradesh,Electronics,Headphones,1,5333.16,15,4533.19,754.67,Credit Card,A. Kumar
ORD-11810,1396,2025-03-01 05:40:36,Customer 272,Central,Madhya Pradesh,Furniture,Bookshelf,4,31444.18,15,26727.55,6672.39,Net Banking,R. Singh
ORD-10316,1284,2025-03-01 09:18:24,Customer 182,East,Odisha,Furniture,Office Chair,5,47075.05,10,42367.55,5325.82,Net Banking,A. Kumar
ORD-10291,1069,2025-03-01 14:25:34,Customer 254,South,Telangana,Electronics,Laptop,1,67260.29,5,63897.28,9730.84,Net Banking,K. Yadav
ORD-10966,1039,2025-03-01 16:16:59,Customer 277,East,Bihar,Accessories,Keyboard,5,9647.77,15,8200.6,1663.02,Debit Card,A. Kumar
ORD-11821,1214,2025-03-02 10:07:01,Customer 234,West,Maharashtra,Electronics,Monitor,1,20361.33,5,19343.26,1818.25,Cash,A. Kumar
ORD-11951,1119,2025-03-02 15:15:05,Customer 321,West,Goa,Electronics,Monitor,3,51193.32,5,48633.65,7065.62,Debit Card,K. Yadav
ORD-10612,1025,2025-03-02 16:07:22,Customer 288,South,Telangana,Electronics,Monitor,2,34163.82,15,29039.25,7143.75,Cash,P. Sharma
ORD-10504,1223,2025-03-02 16:36:02,Customer 257,South,Telangana,Electronics,Smartphone,1,33162.31,0,33162.31,7117.35,Cash,S. Verma
ORD-11854,1062,2025-03-02 19:38:29,Customer 458,South,Tamil Nadu,Electronics,Monitor,5,103446.38,10,93101.74,11600.4,Net Banking,P. Sharma
ORD-10325,1420,2025-03-03 00:30:25,Customer 201,North,Uttar Pradesh,Electronics,Smartphone,3,86434.58,5,82112.85,8039.57,Credit Card,S. Verma
ORD-10287,1354,2025-03-03 01:57:00,Customer 425,West,Rajasthan,Furniture,Bookshelf,1,6368.13,0,6368.13,699.14,Net Banking,S. Verma
ORD-11558,1409,2025-03-03 03:51:50,Customer 347,Central,Chhattisgarh,Electronics,Headphones,1,4834.01,5,4592.31,769.43,Net Banking,K. Yadav
ORD-11233,1274,2025-03-03 07:06:26,Customer 147,South,Karnataka,Office Supplies,Notebook,2,578.46,15,491.69,80.38,Cash,N. Gupta
ORD-11141,1268,2025-03-03 13:17:39,Customer 82,South,Karnataka,Furniture,Sofa,4,96816.93,5,91976.08,21164.23,Cash,P. Sharma
ORD-11183,1300,2025-03-03 14:47:59,Customer 367,West,Maharashtra,Office Supplies,Printer,4,68879.96,5,65435.96,10465.98,Debit Card,P. Sharma
ORD-11892,1194,2025-03-03 15:23:01,Customer 361,Central,Madhya Pradesh,Accessories,Mouse,4,3724.4,0,3724.4,553.38,Credit Card,S. Verma
ORD-11082,1298,2025-03-03 16:43:25,Customer 73,Central,Chhattisgarh,Electronics,Smartphone,5,169386.7,10,152448.03,30918.55,Cash,R. Singh
ORD-11527,1225,2025-03-03 19:49:48,Customer 181,North,Uttar Pradesh,Accessories,Webcam,4,12716.16,10,11444.54,1298.23,Credit Card,P. Sharma
ORD-10949,1264,2025-03-03 21:07:51,Customer 214,West,Maharashtra,Electronics,Laptop,2,121378.26,5,115309.35,24763.28,Debit Card,S. Verma
ORD-11330,1063,2025-03-04 03:52:57,Customer 387,East,Bihar,Office Supplies,Stapler,4,1696.75,20,1357.4,140.35,Debit Card,P. Sharma
ORD-11067,1012,2025-03-04 04:23:45,Customer 312,South,Telangana,Furniture,Sofa,2,48792.12,10,43912.91,3927.94,Net Banking,N. Gupta
ORD-10117,1188,2025-03-04 15:07:43,Customer 344,West,Rajasthan,Electronics,Headphones,3,17179.45,10,15461.51,1919.8,Net Banking,R. Singh
ORD-10494,1338,2025-03-04 15:25:19,Customer 181,Central,Madhya Pradesh,Office Supplies,Stapler,2,804.75,5,764.51,186.13,Debit Card,P. Sharma
ORD-11536,1443,2025-03-04 15:25:29,Customer 142,South,Karnataka,Office Supplies,Printer,5,68936.32,10,62042.69,9115.48,Net Banking,P. Sharma
ORD-10217,1289,2025-03-04 20:53:39,Customer 381,South,Karnataka,Office Supplies,Printer,5,82616.17,15,70223.74,8649.86,Credit Card,P. Sharma
ORD-10157,1164,2025-03-04 22:57:13,Customer 481,East,West Bengal,Electronics,Tablet,4,88522.24,10,79670.02,7667.52,Credit Card,N. Gupta
ORD-10986,1349,2025-03-05 06:52:57,Customer 469,Central,Madhya Pradesh,Office Supplies,Printer,3,46144.27,5,43837.06,8340.87,Debit Card,N. Gupta
ORD-10698,1338,2025-03-05 09:33:50,Customer 92,North,Haryana,Furniture,Office Chair,3,26453.55,20,21162.84,5049.94,UPI,N. Gupta
ORD-11941,1279,2025-03-05 10:09:36,Customer 434,West,Rajasthan,Office Supplies,File Folder,3,609.64,15,518.19,57.51,Cash,K. Yadav
ORD-11363,1172,2025-03-05 13:59:30,Customer 318,South,Karnataka,Electronics,Smartphone,1,28272.85,0,28272.85,3401.57,Cash,K. Yadav
ORD-11520,1429,2025-03-05 22:22:10,Customer 135,South,Kerala,Electronics,Tablet,5,113401.71,0,113401.71,11340.74,Cash,P. Sharma
ORD-10748,1333,2025-03-06 01:24:53,Customer 497,Central,Chhattisgarh,Electronics,Laptop,1,73349.49,5,69682.02,9998.37,Cash,R. Singh
ORD-10228,1072,2025-03-06 04:51:34,Customer 422,West,Maharashtra,Accessories,USB Hub,2,2322.94,10,2090.65,516.92,UPI,P. Sharma
ORD-10232,1127,2025-03-06 07:50:05,Customer 45,East,Bihar,Furniture,Office Chair,5,48098.48,0,48098.48,7532.29,UPI,S. Verma
ORD-11777,1407,2025-03-06 09:59:23,Customer 182,East,West Bengal,Electronics,Headphones,1,4725.47,10,4252.92,816.03,Cash,S. Verma
ORD-11012,1271,2025-03-06 19:39:10,Customer 142,East,Bihar,Electronics,Laptop,2,136124.09,10,122511.68,23459.19,UPI,P. Sharma
ORD-11559,1380,2025-03-06 23:40:10,Customer 146,Central,Madhya Pradesh,Electronics,Smartphone,1,27750.09,10,24975.08,2208.65,Credit Card,A. Kumar
ORD-10955,1077,2025-03-07 00:45:35,Customer 255,Central,Chhattisgarh,Furniture,Desk,1,11664.64,5,11081.41,1912.32,Credit Card,A. Kumar
ORD-11249,1238,2025-03-07 08:18:36,Customer 495,West,Maharashtra,Office Supplies,Pen Set,4,989.57,0,989.57,201.96,Debit Card,N. Gupta
ORD-11466,1242,2025-03-07 13:21:49,Customer 107,North,Punjab,Electronics,Headphones,5,26266.46,5,24953.14,3155.19,Cash,K. Yadav
ORD-10512,1194,2025-03-07 20:08:25,Customer 218,South,Karnataka,Furniture,Table,4,38313.58,10,34482.22,8581.08,Cash,A. Kumar
ORD-11915,1303,2025-03-08 00:53:15,Customer 80,North,Uttar Pradesh,Electronics,Headphones,5,24156.13,10,21740.52,3986.6,Cash,S. Verma
ORD-11135,1104,2025-03-08 22:12:17,Customer 369,East,Jharkhand,Office Supplies,Pen Set,1,266.52,0,266.52,50.32,Credit Card,N. Gupta
ORD-10216,1163,2025-03-08 23:01:07,Customer 34,East,Jharkhand,Electronics,Smartphone,5,139235.37,0,139235.37,28159.4,UPI,R. Singh
ORD-11419,1354,2025-03-09 06:51:21,Customer 319,North,Haryana,Furniture,Office Chair,4,35281.13,15,29988.96,6642.72,Debit Card,A. Kumar
ORD-10642,1096,2025-03-09 07:01:44,Customer 103,South,Kerala,Furniture,Sofa,1,23285.1,5,22120.84,5101.22,Credit Card,K. Yadav
ORD-11984,1281,2025-03-09 15:09:25,Customer 304,West,Gujarat,Furniture,Sofa,3,78964.33,0,78964.33,13175.85,Credit Card,R. Singh
ORD-11890,1233,2025-03-09 17:30:56,Customer 50,Central,Chhattisgarh,Electronics,Smartphone,3,102462.81,15,87093.39,15313.07,Net Banking,R. Singh
ORD-11106,1372,2025-03-09 22:45:04,Customer 252,West,Maharashtra,Accessories,Mouse,5,5122.14,10,4609.93,401.71,Debit Card,N. Gupta
ORD-11672,1163,2025-03-10 03:24:55,Customer 347,East,Jharkhand,Office Supplies,Printer,2,31326.83,0,31326.83,3756.9,UPI,P. Sharma
ORD-11124,1349,2025-03-10 04:39:26,Customer 412,West,Goa,Furniture,Office Chair,2,20257.44,15,17218.82,3650.89,Net Banking,S. Verma
ORD-11365,1144,2025-03-10 16:58:31,Customer 45,North,Haryana,Electronics,Headphones,5,26773.32,5,25434.65,3863.84,Debit Card,R. Singh
ORD-11215,1398,2025-03-11 02:15:09,Customer 123,West,Rajasthan,Office Supplies,Printer,2,27574.65,10,24817.19,5369.21,Cash,K. Yadav
ORD-11336,1122,2025-03-11 04:53:32,Customer 312,North,Haryana,Electronics,Headphones,3,15412.1,15,13100.28,1975.97,Net Banking,A. Kumar
ORD-11097,1007,2025-03-11 05:30:41,Customer 341,East,Bihar,Electronics,Monitor,3,51420.0,15,43707.0,6714.43,Cash,P. Sharma
ORD-11003,1441,2025-03-11 08:47:45,Customer 313,North,Haryana,Electronics,Smartphone,5,168979.09,15,143632.23,15090.03,Net Banking,N. Gupta
ORD-11783,1109,2025-03-11 21:50:44,Customer 251,North,Delhi,Furniture,Table,4,43238.71,15,36752.9,3096.66,Credit Card,R. Singh
ORD-11934,1352,2025-03-11 22:08:07,Customer 60,Central,Madhya Pradesh,Furniture,Desk,4,48197.88,20,38558.3,7012.35,UPI,A. Kumar
ORD-11625,1209,2025-03-12 18:07:59,Customer 24,South,Kerala,Office Supplies,Stapler,1,440.46,15,374.39,52.84,Net Banking,A. Kumar
ORD-10937,1082,2025-03-12 19:14:10,Customer 219,North,Punjab,Office Supplies,Pen Set,4,952.42,15,809.56,149.57,UPI,K. Yadav
ORD-10037,1314,2025-03-12 19:41:40,Customer 114,South,Telangana,Furniture,Desk,2,23643.75,5,22461.56,3691.03,Net Banking,R. Singh
ORD-10749,1077,2025-03-12 22:30:26,Customer 187,North,Delhi,Office Supplies,Printer,1,15364.38,10,13827.94,1136.24,Credit Card,S. Verma
ORD-11959,1283,2025-03-13 01:53:34,Customer 428,West,Rajasthan,Office Supplies,Stapler,5,2059.18,15,1750.3,369.92,Cash,K. Yadav
ORD-10879,1448,2025-03-13 02:14:13,Customer 465,North,Punjab,Office Supplies,File Folder,3,611.76,10,550.58,114.05,Cash,R. Singh
ORD-10132,1055,2025-03-13 05:09:01,Customer 356,South,Karnataka,Electronics,Monitor,4,67671.8,15,57521.03,6745.28,Net Banking,N. Gupta
ORD-10392,1291,2025-03-13 18:27:33,Customer 193,South,Kerala,Office Supplies,Stapler,4,1533.56,5,1456.88,328.85,Cash,K. Yadav
ORD-10089,1381,2025-03-13 18:50:58,Customer 36,West,Maharashtra,Electronics,Smartphone,2,55282.63,5,52518.5,4438.36,Net Banking,S. Verma
ORD-10794,1374,2025-03-14 17:36:19,Customer 375,South,Kerala,Furniture,Table,4,37080.77,10,33372.69,8184.04,Debit Card,A. Kumar
ORD-11634,1339,2025-03-15 05:58:08,Customer 368,East,Bihar,Electronics,Smartphone,5,164872.16,15,140141.34,31366.17,Net Banking,N. Gupta
ORD-10875,1403,2025-03-15 08:24:39,Customer 487,East,Jharkhand,Office Supplies,Stapler,4,1726.89,15,1467.86,302.76,UPI,S. Verma
ORD-11220,1272,2025-03-15 13:44:47,Customer 246,South,Karnataka,Furniture,Office Chair,3,25964.02,15,22069.42,4061.84,Net Banking,S. Verma
ORD-10195,1183,2025-03-15 16:48:32,Customer 146,South,Karnataka,Electronics,Monitor,3,54542.69,0,54542.69,7406.5,Cash,A. Kumar
ORD-10360,1132,2025-03-15 20:05:15,Customer 39,North,Delhi,Electronics,Tablet,5,114931.15,10,103438.03,19612.54,UPI,N. Gupta
ORD-11078,1104,2025-03-15 20:45:06,Customer 198,East,West Bengal,Electronics,Tablet,4,80178.5,15,68151.72,6368.91,Cash,S. Verma
ORD-10318,1135,2025-03-15 23:56:44,Customer 363,Central,Madhya Pradesh,Electronics,Smartphone,3,94474.02,5,89750.32,16185.53,Cash,S. Verma
ORD-11490,1209,2025-03-16 10:01:56,Customer 282,South,Kerala,Electronics,Smartphone,1,30110.18,0,30110.18,4558.21,UPI,S. Verma
ORD-11902,1417,2025-03-16 10:05:54,Customer 360,Central,Chhattisgarh,Electronics,Headphones,5,22651.41,15,19253.7,2807.04,Cash,R. Singh
ORD-10282,1086,2025-03-16 15:43:39,Customer 137,West,Rajasthan,Electronics,Tablet,1,20694.85,10,18625.37,3933.24,Net Banking,P. Sharma
ORD-11588,1298,2025-03-17 01:29:15,Customer 206,South,Kerala,Electronics,Laptop,5,294449.67,10,265004.7,25009.12,UPI,S. Verma
ORD-11042,1388,2025-03-17 09:32:09,Customer 115,North,Uttar Pradesh,Furniture,Sofa,3,78590.8,10,70731.72,6296.14,Cash,P. Sharma
ORD-10919,1236,2025-03-17 09:40:49,Customer 42,East,Jharkhand,Furniture,Office Chair,5,45103.46,10,40593.11,6997.84,Cash,A. Kumar
ORD-10756,1196,2025-03-17 12:00:29,Customer 84,East,Odisha,Furniture,Office Chair,2,20526.01,10,18473.41,2226.65,Debit Card,R. Singh
ORD-10854,1170,2025-03-17 14:28:54,Customer 69,Central,Madhya Pradesh,Furniture,Table,1,9463.81,10,8517.43,1713.21,Cash,N. Gupta
ORD-10379,1037,2025-03-17 15:20:23,Customer 443,North,Punjab,Electronics,Tablet,5,120449.68,0,120449.68,11185.24,Net Banking,K. Yadav
ORD-11375,1321,2025-03-17 21:01:46,Customer 358,South,Kerala,Accessories,Keyboard,3,5064.31,15,4304.66,433.69,Debit Card,R. Singh
ORD-11905,1241,2025-03-17 23:36:09,Customer 386,South,Telangana,Office Supplies,File Folder,4,764.5,15,649.82,95.16,Debit Card,N. Gupta
ORD-10524,1174,2025-03-18 02:27:53,Customer 246,West,Maharashtra,Electronics,Laptop,2,120842.75,20,96674.2,21959.26,Credit Card,A. Kumar
ORD-10807,1379,2025-03-18 15:04:21,Customer 249,South,Kerala,Electronics,Laptop,5,349986.23,0,349986.23,79773.56,Debit Card,A. Kumar
ORD-10493,1265,2025-03-18 17:50:04,Customer 79,North,Delhi,Electronics,Smartphone,3,97603.37,10,87843.03,20182.13,Debit Card,S. Verma
ORD-11038,1286,2025-03-18 18:36:21,Customer 314,South,Kerala,Electronics,Laptop,2,149444.02,15,127027.42,16355.82,UPI,K. Yadav
ORD-10594,1129,2025-03-18 18:56:26,Customer 92,East,Odisha,Accessories,USB Hub,4,5097.64,5,4842.76,978.17,Net Banking,P. Sharma
ORD-10770,1316,2025-03-19 03:17:57,Customer 296,East,Bihar,Furniture,Bookshelf,3,19391.7,15,16482.94,3412.43,UPI,N. Gupta
ORD-11566,1445,2025-03-19 06:26:56,Customer 47,West,Gujarat,Electronics,Laptop,4,261898.7,15,222613.9,28725.63,Debit Card,A. Kumar
ORD-11263,1356,2025-03-19 08:46:59,Customer 42,North,Haryana,Office Supplies,Stapler,1,387.74,10,348.97,55.85,UPI,R. Singh
ORD-11127,1214,2025-03-19 09:18:09,Customer 128,North,Haryana,Office Supplies,File Folder,3,490.2,10,441.18,70.0,Debit Card,K. Yadav
ORD-11068,1043,2025-03-19 09:47:44,Customer 306,South,Telangana,Office Supplies,Printer,1,16995.38,10,15295.84,3211.9,Net Banking,A. Kumar
ORD-11747,1404,2025-03-19 11:32:21,Customer 392,Central,Chhattisgarh,Office Supplies,Notebook,1,314.99,0,314.99,29.57,Debit Card,K. Yadav
ORD-10305,1202,2025-03-19 11:47:13,Customer 6,Central,Chhattisgarh,Accessories,Mouse,2,2031.63,0,2031.63,317.99,Credit Card,N. Gupta
ORD-11835,1247,2025-03-19 13:04:33,Customer 327,East,Odisha,Electronics,Laptop,2,133382.31,10,120044.08,19383.66,Credit Card,A. Kumar
ORD-10215,1364,2025-03-19 14:06:00,Customer 213,North,Punjab,Accessories,Webcam,4,13700.23,10,12330.21,2708.68,Credit Card,K. Yadav
ORD-11936,1418,2025-03-19 23:44:06,Customer 391,North,Haryana,Accessories,Keyboard,1,1931.91,5,1835.31,276.04,UPI,K. Yadav
ORD-10514,1339,2025-03-20 00:00:02,Customer 90,South,Tamil Nadu,Electronics,Smartphone,1,31104.94,5,29549.69,2684.87,Debit Card,P. Sharma
ORD-11847,1140,2025-03-20 02:18:22,Customer 128,Central,Chhattisgarh,Electronics,Laptop,1,69983.78,10,62985.4,14513.47,Debit Card,N. Gupta
ORD-10398,1376,2025-03-20 08:06:59,Customer 469,East,Bihar,Office Supplies,Stapler,4,1604.2,5,1523.99,179.38,Net Banking,P. Sharma
ORD-10935,1072,2025-03-20 18:29:11,Customer 101,Central,Chhattisgarh,Office Supplies,Stapler,4,1450.55,15,1232.97,152.85,Credit Card,P. Sharma
ORD-10805,1364,2025-03-20 18:32:49,Customer 243,West,Rajasthan,Furniture,Table,4,38276.33,10,34448.7,7476.62,Credit Card,A. Kumar
ORD-10156,1170,2025-03-20 19:43:03,Customer 152,Central,Chhattisgarh,Furniture,Desk,1,12739.82,5,12102.83,1710.51,UPI,P. Sharma
ORD-11651,1370,2025-03-20 20:58:53,Customer 100,South,Telangana,Office Supplies,Pen Set,4,1007.94,5,957.54,182.02,Debit Card,S. Verma
ORD-11452,1354,2025-03-20 21:16:02,Customer 347,North,Delhi,Office Supplies,Printer,5,73655.79,15,62607.42,12951.3,UPI,N. Gupta
ORD-11701,1410,2025-03-20 21:21:41,Customer 135,South,Telangana,Furniture,Desk,2,26704.38,5,25369.16,2062.06,Net Banking,P. Sharma
ORD-11479,1083,2025-03-21 03:12:38,Customer 483,North,Delhi,Electronics,Laptop,1,59124.54,10,53212.09,7861.14,Net Banking,K. Yadav
ORD-11629,1160,2025-03-21 14:06:43,Customer 415,West,Gujarat,Electronics,Headphones,3,16308.13,5,15492.72,2907.45,UPI,P. Sharma
ORD-11115,1300,2025-03-21 19:10:04,Customer 152,West,Gujarat,Accessories,Webcam,2,7806.27,20,6245.02,949.13,Cash,A. Kumar
ORD-11313,1368,2025-03-21 20:09:59,Customer 413,West,Maharashtra,Accessories,Webcam,5,16310.08,15,13863.57,1614.72,Debit Card,N. Gupta
ORD-10255,1127,2025-03-22 02:54:56,Customer 164,West,Maharashtra,Office Supplies,File Folder,5,979.52,15,832.59,159.82,Debit Card,P. Sharma
ORD-10279,1169,2025-03-22 04:37:35,Customer 68,East,Jharkhand,Office Supplies,Pen Set,5,1289.76,5,1225.27,235.31,Debit Card,S. Verma
ORD-10725,1374,2025-03-22 05:05:58,Customer 270,North,Delhi,Office Supplies,Notebook,1,336.57,5,319.74,33.34,Credit Card,A. Kumar
ORD-11655,1438,2025-03-22 07:41:31,Customer 272,Central,Madhya Pradesh,Electronics,Headphones,3,14529.64,10,13076.68,3184.66,Debit Card,R. Singh
ORD-11842,1239,2025-03-22 10:31:07,Customer 346,North,Haryana,Office Supplies,Stapler,2,847.2,15,720.12,82.95,Credit Card,A. Kumar
ORD-10368,1155,2025-03-22 13:59:25,Customer 268,South,Telangana,Electronics,Monitor,1,19680.21,15,16728.18,1876.13,UPI,R. Singh
ORD-11307,1308,2025-03-22 21:37:03,Customer 447,North,Punjab,Furniture,Office Chair,1,8195.31,10,7375.78,1263.82,UPI,S. Verma
ORD-11694,1400,2025-03-22 23:04:42,Customer 246,West,Goa,Accessories,Webcam,2,7154.37,10,6438.93,877.97,Debit Card,R. Singh
ORD-11813,1201,2025-03-23 07:23:27,Customer 289,West,Rajasthan,Furniture,Table,5,52173.97,0,52173.97,7303.16,Net Banking,N. Gupta
ORD-10222,1437,2025-03-23 07:48:12,Customer 164,North,Haryana,Office Supplies,Printer,4,63526.34,10,57173.71,6697.06,UPI,K. Yadav
ORD-11130,1030,2025-03-23 12:59:18,Customer 239,East,Bihar,Electronics,Monitor,4,76935.59,5,73088.81,17435.77,Net Banking,P. Sharma
ORD-11192,1161,2025-03-24 02:25:36,Customer 340,North,Punjab,Furniture,Sofa,4,94243.09,0,94243.09,19046.57,Cash,A. Kumar
ORD-11517,1037,2025-03-24 11:36:37,Customer 169,North,Punjab,Office Supplies,Printer,5,68159.73,0,68159.73,9780.84,Credit Card,A. Kumar
ORD-11508,1264,2025-03-25 05:56:01,Customer 68,East,Bihar,Furniture,Sofa,3,77617.04,0,77617.04,16010.59,Debit Card,R. Singh
ORD-11613,1424,2025-03-25 06:30:08,Customer 449,Central,Madhya Pradesh,Furniture,Sofa,3,83488.81,10,75139.93,6583.11,Net Banking,N. Gupta
ORD-10911,1209,2025-03-25 12:02:34,Customer 413,West,Goa,Furniture,Desk,5,67955.5,5,64557.72,14577.28,Net Banking,R. Singh
ORD-11565,1270,2025-03-25 12:26:06,Customer 220,Central,Madhya Pradesh,Accessories,Backpack,4,11203.89,0,11203.89,1823.73,Cash,S. Verma
ORD-11074,1387,2025-03-25 20:05:20,Customer 17,Central,Madhya Pradesh,Electronics,Monitor,4,67200.34,0,67200.34,5631.54,Net Banking,R. Singh
ORD-10654,1061,2025-03-25 21:43:53,Customer 71,Central,Chhattisgarh,Office Supplies,File Folder,5,934.79,15,794.57,188.67,UPI,R. Singh
ORD-11032,1116,2025-03-26 02:13:04,Customer 234,West,Rajasthan,Furniture,Table,2,18443.16,15,15676.69,2533.98,Net Banking,A. Kumar
ORD-10023,1304,2025-03-26 02:16:35,Customer 35,East,Bihar,Office Supplies,Printer,4,64033.86,15,54428.78,6484.18,UPI,A. Kumar
ORD-10903,1385,2025-03-26 05:48:12,Customer 179,East,Bihar,Electronics,Monitor,3,61325.23,15,52126.45,9377.97,Net Banking,S. Verma
ORD-11417,1098,2025-03-26 11:11:21,Customer 365,North,Haryana,Office Supplies,Stapler,1,412.11,5,391.5,47.85,Cash,R. Singh
ORD-11209,1282,2025-03-26 13:20:26,Customer 166,East,Bihar,Accessories,USB Hub,1,1232.92,10,1109.63,165.05,Credit Card,K. Yadav
ORD-10380,1108,2025-03-26 15:10:03,Customer 423,Central,Madhya Pradesh,Electronics,Smartphone,1,32247.79,10,29023.01,6582.1,Credit Card,N. Gupta
ORD-11887,1182,2025-03-26 15:40:19,Customer 379,East,West Bengal,Electronics,Monitor,5,93921.32,15,79833.12,18358.09,Net Banking,S. Verma
ORD-10533,1277,2025-03-26 17:38:25,Customer 431,East,West Bengal,Accessories,USB Hub,4,4976.77,15,4230.25,527.35,UPI,N. Gupta
ORD-11687,1397,2025-03-26 21:28:47,Customer 478,South,Kerala,Accessories,USB Hub,5,5506.21,5,5230.9,490.58,UPI,K. Yadav
ORD-11640,1414,2025-03-27 08:01:34,Customer 225,East,Jharkhand,Electronics,Monitor,3,54179.72,10,48761.75,4632.76,Debit Card,N. Gupta
ORD-10078,1200,2025-03-27 14:15:50,Customer 303,West,Gujarat,Electronics,Headphones,4,18907.99,15,16071.79,2879.69,Credit Card,K. Yadav
ORD-11721,1258,2025-03-27 15:07:30,Customer 154,Central,Chhattisgarh,Office Supplies,Pen Set,3,733.61,15,623.57,138.13,Cash,K. Yadav
ORD-10431,1108,2025-03-27 18:52:59,Customer 222,North,Haryana,Accessories,Mouse,1,996.4,0,996.4,160.48,Cash,P. Sharma
ORD-10862,1412,2025-03-27 19:44:02,Customer 102,North,Haryana,Electronics,Smartphone,1,32981.57,10,29683.41,3937.38,Cash,N. Gupta
ORD-11765,1345,2025-03-27 20:14:36,Customer 458,North,Haryana,Accessories,Webcam,5,18517.53,5,17591.65,3603.97,UPI,R. Singh
ORD-10102,1273,2025-03-27 23:47:25,Customer 159,South,Kerala,Accessories,Mouse,4,4000.09,5,3800.09,839.5,Debit Card,S. Verma
ORD-10429,1008,2025-03-28 00:59:40,Customer 408,West,Rajasthan,Office Supplies,Stapler,1,364.2,5,345.99,33.48,Debit Card,S. Verma
ORD-11029,1384,2025-03-28 05:33:53,Customer 498,East,Jharkhand,Office Supplies,Printer,1,14100.28,15,11985.24,2964.05,Net Banking,A. Kumar
ORD-11920,1183,2025-03-28 06:18:08,Customer 116,Central,Chhattisgarh,Furniture,Office Chair,4,38184.23,5,36275.02,2966.56,Credit Card,N. Gupta
ORD-11770,1338,2025-03-28 12:38:38,Customer 153,West,Goa,Electronics,Smartphone,3,101418.1,0,101418.1,22886.57,Net Banking,S. Verma
ORD-10480,1110,2025-03-28 17:58:15,Customer 278,North,Uttar Pradesh,Electronics,Smartphone,2,58470.99,5,55547.44,5995.17,Debit Card,R. Singh
ORD-11532,1449,2025-03-28 23:39:48,Customer 489,Central,Chhattisgarh,Electronics,Headphones,3,17210.81,10,15489.73,1840.4,Cash,N. Gupta
ORD-11954,1123,2025-03-29 03:55:54,Customer 303,West,Rajasthan,Electronics,Headphones,1,4690.33,0,4690.33,608.38,UPI,R. Singh
ORD-11377,1203,2025-03-29 04:30:06,Customer 158,North,Punjab,Accessories,Webcam,3,9991.52,0,9991.52,1520.59,Credit Card,R. Singh
ORD-11881,1175,2025-03-29 07:13:32,Customer 179,West,Maharashtra,Accessories,USB Hub,4,5246.18,5,4983.87,588.22,UPI,K. Yadav
ORD-11357,1295,2025-03-29 11:01:24,Customer 81,West,Rajasthan,Electronics,Headphones,1,5005.33,5,4755.06,625.14,Credit Card,R. Singh
ORD-10323,1239,2025-03-30 00:11:16,Customer 87,Central,Chhattisgarh,Accessories,USB Hub,3,3613.06,0,3613.06,470.82,Net Banking,K. Yadav
ORD-11279,1435,2025-03-30 00:53:56,Customer 221,West,Maharashtra,Office Supplies,Notebook,5,1430.0,5,1358.5,143.49,Net Banking,N. Gupta
ORD-10423,1358,2025-03-30 08:12:29,Customer 140,East,Jharkhand,Furniture,Sofa,3,84520.04,20,67616.03,13460.55,Debit Card,R. Singh
ORD-11967,1187,2025-03-30 09:20:02,Customer 184,West,Maharashtra,Office Supplies,File Folder,1,202.34,5,192.22,37.91,Debit Card,N. Gupta
ORD-11877,1181,2025-03-30 12:04:44,Customer 447,Central,Chhattisgarh,Accessories,Keyboard,3,5132.8,0,5132.8,718.6,Net Banking,K. Yadav
ORD-10014,1268,2025-03-30 14:21:49,Customer 295,East,Odisha,Electronics,Tablet,1,22021.1,0,22021.1,2712.24,Credit Card,R. Singh
ORD-10334,1207,2025-03-30 14:48:15,Customer 409,East,Odisha,Office Supplies,Printer,1,13519.93,15,11491.94,2429.14,Cash,A. Kumar
ORD-10434,1259,2025-03-30 15:57:58,Customer 171,Central,Madhya Pradesh,Furniture,Table,2,21219.78,5,20158.79,1799.7,Credit Card,S. Verma
ORD-10850,1443,2025-03-30 18:56:28,Customer 478,East,Odisha,Electronics,Monitor,2,32901.75,0,32901.75,7709.82,Credit Card,K. Yadav
ORD-11893,1035,2025-03-30 21:35:29,Customer 16,East,West Bengal,Electronics,Smartphone,1,32795.02,10,29515.52,3916.57,Credit Card,P. Sharma
ORD-10462,1111,2025-03-30 23:53:25,Customer 232,East,Bihar,Electronics,Tablet,4,87486.88,5,83112.54,7531.1,Debit Card,P. Sharma
ORD-11113,1143,2025-03-31 05:08:18,Customer 271,East,Odisha,Electronics,Laptop,5,352759.94,10,317483.95,50797.63,Debit Card,S. Verma
ORD-10803,1411,2025-03-31 06:36:49,Customer 78,East,West Bengal,Accessories,Keyboard,4,7841.77,5,7449.68,1474.27,Cash,A. Kumar
ORD-11164,1259,2025-03-31 07:13:33,Customer 149,East,Bihar,Office Supplies,File Folder,4,789.96,5,750.46,81.36,Debit Card,K. Yadav
ORD-10834,1252,2025-03-31 08:05:42,Customer 387,East,Bihar,Office Supplies,Pen Set,2,529.99,15,450.49,108.47,UPI,R. Singh
ORD-11480,1046,2025-03-31 08:16:56,Customer 28,Central,Chhattisgarh,Electronics,Headphones,1,5090.1,10,4581.09,1017.4,Credit Card,A. Kumar
ORD-11577,1067,2025-03-31 10:46:42,Customer 494,Central,Madhya Pradesh,Electronics,Smartphone,1,30426.12,15,25862.2,3445.47,UPI,R. Singh
ORD-11367,1136,2025-03-31 11:02:13,Customer 265,East,Odisha,Office Supplies,Notebook,2,631.4,0,631.4,144.14,Debit Card,K. Yadav
ORD-11667,1438,2025-03-31 16:15:39,Customer 180,East,West Bengal,Accessories,USB Hub,5,6114.72,10,5503.25,998.03,Cash,N. Gupta
ORD-10909,1026,2025-03-31 20:30:12,Customer 350,North,Punjab,Electronics,Headphones,2,9642.08,10,8677.87,738.52,Cash,S. Verma
ORD-10828,1304,2025-04-01 05:01:27,Customer 273,West,Rajasthan,Accessories,USB Hub,2,2282.54,5,2168.41,540.66,UPI,N. Gupta
ORD-10846,1255,2025-04-01 06:52:37,Customer 11,East,Odisha,Electronics,Tablet,3,75666.66,5,71883.33,7343.25,Net Banking,A. Kumar
ORD-11197,1159,2025-04-01 21:03:21,Customer 470,South,Kerala,Office Supplies,File Folder,3,511.06,15,434.4,65.48,Cash,R. Singh
ORD-10186,1149,2025-04-02 04:58:37,Customer 392,North,Punjab,Accessories,Mouse,1,868.15,10,781.33,146.99,Cash,R. Singh
ORD-10152,1271,2025-04-02 13:08:19,Customer 277,East,Bihar,Electronics,Tablet,5,123695.84,5,117511.05,27920.14,Net Banking,K. Yadav
ORD-11428,1419,2025-04-02 15:39:51,Customer 199,South,Kerala,Furniture,Table,4,44884.32,15,38151.67,5862.86,Cash,P. Sharma
ORD-11403,1399,2025-04-03 20:21:55,Customer 383,East,Bihar,Electronics,Laptop,5,339229.64,0,339229.64,38754.24,Debit Card,S. Verma
ORD-11416,1100,2025-04-04 05:43:50,Customer 420,South,Tamil Nadu,Furniture,Desk,1,12787.49,5,12148.12,2305.98,Credit Card,A. Kumar
ORD-10071,1137,2025-04-04 07:07:13,Customer 76,East,Odisha,Electronics,Headphones,4,22825.13,0,22825.13,4661.98,Debit Card,R. Singh
ORD-10118,1278,2025-04-04 09:06:27,Customer 352,East,Odisha,Electronics,Laptop,2,128110.85,10,115299.77,27492.63,Cash,P. Sharma
ORD-10496,1118,2025-04-04 12:23:43,Customer 144,West,Maharashtra,Office Supplies,Stapler,5,2172.41,10,1955.17,163.07,Credit Card,N. Gupta
ORD-11717,1037,2025-04-05 00:51:01,Customer 283,North,Punjab,Accessories,Keyboard,4,7493.88,10,6744.49,1458.45,Debit Card,K. Yadav
ORD-10626,1074,2025-04-05 01:41:18,Customer 324,North,Punjab,Electronics,Laptop,3,218978.82,5,208029.88,28233.2,Debit Card,R. Singh
ORD-11341,1358,2025-04-05 02:42:02,Customer 428,South,Karnataka,Office Supplies,File Folder,1,165.77,5,157.48,32.23,UPI,R. Singh
ORD-10296,1194,2025-04-05 07:04:07,Customer 271,Central,Madhya Pradesh,Electronics,Laptop,1,61296.45,20,49037.16,7664.43,Debit Card,K. Yadav
ORD-11983,1158,2025-04-05 19:33:34,Customer 318,South,Karnataka,Furniture,Bookshelf,5,39418.87,10,35476.98,5571.64,Debit Card,A. Kumar
ORD-11425,1111,2025-04-06 01:46:18,Customer 358,East,West Bengal,Office Supplies,Notebook,3,820.41,15,697.35,161.82,Debit Card,R. Singh
ORD-10030,1346,2025-04-06 02:35:16,Customer 474,Central,Chhattisgarh,Furniture,Bookshelf,1,6997.94,10,6298.15,1300.49,Net Banking,K. Yadav
ORD-11110,1230,2025-04-06 08:06:20,Customer 278,West,Maharashtra,Accessories,Backpack,2,5397.06,15,4587.5,436.39,Net Banking,P. Sharma
ORD-11438,1308,2025-04-06 11:02:09,Customer 290,South,Kerala,Electronics,Monitor,3,61358.57,20,49086.86,4301.71,Cash,N. Gupta
ORD-11711,1061,2025-04-06 21:16:57,Customer 461,Central,Chhattisgarh,Furniture,Sofa,5,141130.85,10,127017.77,24041.93,Cash,N. Gupta
ORD-11084,1012,2025-04-07 00:55:14,Customer 108,Central,Madhya Pradesh,Office Supplies,File Folder,3,613.22,20,490.58,46.63,Debit Card,P. Sharma
ORD-10873,1090,2025-04-07 02:09:06,Customer 455,North,Punjab,Electronics,Laptop,4,234773.36,5,223034.69,18067.39,Cash,S. Verma
ORD-10233,1090,2025-04-07 05:08:54,Customer 476,East,Jharkhand,Accessories,Backpack,5,12056.79,10,10851.11,1415.46,Credit Card,N. Gupta
ORD-10590,1422,2025-04-07 06:47:29,Customer 369,South,Karnataka,Electronics,Smartphone,5,172336.69,10,155103.02,25219.84,Credit Card,K. Yadav
ORD-11241,1380,2025-04-07 08:38:38,Customer 262,South,Karnataka,Accessories,Keyboard,5,10126.95,5,9620.6,1708.69,Credit Card,A. Kumar
ORD-11693,1227,2025-04-07 08:54:52,Customer 21,Central,Chhattisgarh,Furniture,Table,2,22890.77,5,21746.23,3475.85,Net Banking,S. Verma
ORD-10112,1038,2025-04-07 12:02:15,Customer 251,North,Uttar Pradesh,Accessories,Keyboard,1,1867.89,0,1867.89,279.13,Net Banking,P. Sharma
ORD-11349,1103,2025-04-08 04:19:17,Customer 119,Central,Chhattisgarh,Office Supplies,Stapler,4,1797.34,5,1707.47,258.71,Debit Card,S. Verma
ORD-10145,1114,2025-04-08 10:07:13,Customer 145,Central,Madhya Pradesh,Electronics,Smartphone,1,33285.86,15,28292.98,5549.73,Credit Card,A. Kumar
ORD-10346,1268,2025-04-08 10:34:25,Customer 388,East,Bihar,Accessories,Mouse,4,3714.91,5,3529.16,879.67,UPI,P. Sharma
ORD-11918,1449,2025-04-08 11:17:23,Customer 327,West,Rajasthan,Office Supplies,Notebook,5,1717.4,15,1459.79,264.66,Debit Card,K. Yadav
ORD-11482,1308,2025-04-08 13:54:30,Customer 30,Central,Chhattisgarh,Furniture,Bookshelf,5,34203.05,10,30782.75,6201.38,Debit Card,S. Verma
ORD-11768,1301,2025-04-08 15:38:28,Customer 162,West,Gujarat,Electronics,Monitor,2,34245.73,10,30821.16,3246.3,Credit Card,S. Verma
ORD-10607,1018,2025-04-08 16:07:36,Customer 417,East,West Bengal,Furniture,Table,2,20451.56,15,17383.83,3849.3,Net Banking,K. Yadav
ORD-10701,1111,2025-04-08 19:36:32,Customer 219,East,Odisha,Electronics,Monitor,2,36040.42,10,32436.38,6486.6,UPI,R. Singh
ORD-11401,1214,2025-04-09 08:09:34,Customer 452,North,Uttar Pradesh,Accessories,Webcam,3,11248.63,0,11248.63,2619.25,Credit Card,A. Kumar
ORD-10797,1157,2025-04-09 10:31:29,Customer 164,North,Delhi,Furniture,Sofa,5,132029.49,10,118826.54,28331.24,Debit Card,P. Sharma
ORD-11437,1129,2025-04-09 11:34:38,Customer 451,North,Punjab,Office Supplies,Notebook,3,959.19,10,863.27,133.76,UPI,S. Verma
ORD-11644,1357,2025-04-10 10:59:49,Customer 1,North,Uttar Pradesh,Electronics,Headphones,2,10770.38,15,9154.82,1610.03,Debit Card,S. Verma
ORD-11930,1305,2025-04-10 17:44:29,Customer 344,Central,Chhattisgarh,Accessories,USB Hub,4,5324.48,10,4792.03,1029.47,Credit Card,R. Singh
ORD-11047,1359,2025-04-11 02:52:33,Customer 260,East,Jharkhand,Office Supplies,File Folder,1,175.18,5,166.42,34.44,Net Banking,S. Verma
ORD-11235,1082,2025-04-11 04:33:28,Customer 264,South,Kerala,Furniture,Table,5,50245.68,5,47733.4,3886.06,Net Banking,P. Sharma
ORD-10015,1224,2025-04-11 05:02:24,Customer 385,North,Delhi,Electronics,Laptop,3,205216.26,10,184694.63,16391.9,Debit Card,K. Yadav
ORD-11666,1097,2025-04-11 08:05:20,Customer 466,East,Jharkhand,Electronics,Laptop,2,120119.21,5,114113.25,19115.34,Cash,K. Yadav
ORD-11973,1326,2025-04-11 14:10:25,Customer 228,West,Gujarat,Office Supplies,Printer,4,62524.08,0,62524.08,8322.43,Net Banking,K. Yadav
ORD-11147,1217,2025-04-11 14:18:40,Customer 246,East,Jharkhand,Furniture,Sofa,4,105684.39,20,84547.51,13438.7,Credit Card,S. Verma
ORD-10140,1107,2025-04-11 18:19:16,Customer 175,Central,Chhattisgarh,Furniture,Sofa,1,24078.3,5,22874.38,3305.14,Net Banking,S. Verma
ORD-11958,1355,2025-04-12 12:07:04,Customer 214,South,Kerala,Electronics,Monitor,5,81217.63,5,77156.75,14902.11,Cash,R. Singh
ORD-11453,1281,2025-04-12 13:36:52,Customer 8,Central,Madhya Pradesh,Office Supplies,Stapler,2,900.44,0,900.44,152.26,UPI,K. Yadav
ORD-10690,1431,2025-04-12 14:29:30,Customer 270,South,Telangana,Electronics,Laptop,1,59720.75,10,53748.67,12107.28,Cash,N. Gupta
ORD-11649,1028,2025-04-12 16:27:41,Customer 364,South,Telangana,Office Supplies,Stapler,3,1124.92,15,956.18,172.09,Debit Card,N. Gupta
ORD-11754,1423,2025-04-12 19:53:49,Customer 442,East,Bihar,Accessories,Keyboard,2,4004.77,15,3404.05,378.06,Cash,S. Verma
ORD-11053,1392,2025-04-13 02:15:39,Customer 42,North,Haryana,Office Supplies,File Folder,3,497.12,10,447.41,43.68,Net Banking,P. Sharma
ORD-11827,1158,2025-04-13 02:23:23,Customer 151,Central,Chhattisgarh,Furniture,Office Chair,4,34453.51,5,32730.83,5901.44,UPI,S. Verma
ORD-11402,1216,2025-04-13 05:15:00,Customer 304,East,Odisha,Furniture,Office Chair,5,40603.56,5,38573.38,3828.31,Credit Card,A. Kumar
ORD-10534,1153,2025-04-13 13:11:26,Customer 237,East,Jharkhand,Office Supplies,File Folder,3,596.78,5,566.94,88.49,Net Banking,S. Verma
ORD-10632,1405,2025-04-13 14:37:45,Customer 341,North,Delhi,Furniture,Sofa,5,121172.59,15,102996.7,20908.42,Net Banking,P. Sharma
ORD-11598,1410,2025-04-13 17:04:53,Customer 296,Central,Madhya Pradesh,Electronics,Monitor,5,87327.52,5,82961.14,19976.64,Credit Card,S. Verma
ORD-11664,1233,2025-04-14 03:39:11,Customer 154,North,Delhi,Electronics,Monitor,3,56329.63,5,53513.15,5936.22,Debit Card,S. Verma
ORD-10637,1033,2025-04-14 07:00:35,Customer 170,West,Maharashtra,Furniture,Table,2,20910.72,5,19865.18,2143.97,Cash,N. Gupta
ORD-10792,1333,2025-04-14 12:22:22,Customer 428,North,Punjab,Electronics,Monitor,3,56389.78,5,53570.29,6736.48,UPI,R. Singh
ORD-10359,1196,2025-04-14 12:57:30,Customer 345,West,Goa,Office Supplies,Stapler,1,445.98,10,401.38,54.51,Net Banking,N. Gupta
ORD-10128,1353,2025-04-14 17:27:29,Customer 225,North,Punjab,Accessories,USB Hub,4,4735.22,15,4024.94,966.03,UPI,A. Kumar
ORD-11411,1209,2025-04-14 18:17:23,Customer 500,North,Uttar Pradesh,Furniture,Table,4,44644.9,10,40180.41,3216.08,UPI,R. Singh
ORD-11895,1028,2025-04-15 02:30:57,Customer 35,South,Karnataka,Furniture,Office Chair,2,18639.88,5,17707.89,3425.31,Cash,K. Yadav
ORD-11162,1292,2025-04-15 23:55:06,Customer 152,South,Kerala,Furniture,Table,3,30825.52,5,29284.24,4011.02,Net Banking,N. Gupta
ORD-10176,1338,2025-04-16 05:17:24,Customer 173,South,Telangana,Furniture,Office Chair,5,40636.36,5,38604.54,9492.8,Cash,A. Kumar
ORD-11008,1220,2025-04-16 10:30:10,Customer 4,West,Maharashtra,Electronics,Smartphone,3,94935.4,5,90188.63,7229.55,UPI,N. Gupta
ORD-11030,1203,2025-04-16 12:54:14,Customer 235,Central,Chhattisgarh,Furniture,Sofa,1,22573.53,10,20316.18,3356.99,UPI,S. Verma
ORD-11046,1207,2025-04-16 17:30:11,Customer 91,Central,Madhya Pradesh,Electronics,Monitor,4,79662.09,10,71695.88,6737.95,Debit Card,K. Yadav
ORD-11861,1351,2025-04-16 19:15:54,Customer 88,South,Kerala,Electronics,Tablet,1,25267.96,0,25267.96,4556.74,Cash,N. Gupta
ORD-11290,1073,2025-04-17 04:36:08,Customer 97,West,Goa,Electronics,Tablet,5,115085.74,10,103577.17,20835.8,UPI,P. Sharma
ORD-10268,1049,2025-04-17 05:47:33,Customer 54,Central,Chhattisgarh,Office Supplies,Printer,4,55280.12,0,55280.12,10689.37,Credit Card,N. Gupta
ORD-11125,1424,2025-04-17 07:00:13,Customer 223,West,Gujarat,Office Supplies,File Folder,5,865.97,10,779.37,150.85,Debit Card,A. Kumar
ORD-10741,1134,2025-04-17 07:21:14,Customer 305,Central,Chhattisgarh,Office Supplies,Stapler,5,1830.8,5,1739.26,403.78,UPI,P. Sharma
ORD-11167,1032,2025-04-17 07:25:59,Customer 118,North,Uttar Pradesh,Furniture,Sofa,1,26397.66,10,23757.89,3518.82,Debit Card,K. Yadav
ORD-10047,1402,2025-04-18 00:32:46,Customer 233,Central,Chhattisgarh,Furniture,Bookshelf,4,25716.58,10,23144.92,5665.45,UPI,K. Yadav
ORD-11939,1200,2025-04-18 03:08:56,Customer 329,Central,Chhattisgarh,Office Supplies,File Folder,2,401.95,5,381.85,62.66,Cash,K. Yadav
ORD-11429,1376,2025-04-18 10:24:11,Customer 243,Central,Madhya Pradesh,Electronics,Smartphone,1,30190.62,15,25662.03,3926.97,Cash,S. Verma
ORD-11820,1068,2025-04-18 10:48:00,Customer 167,East,Odisha,Office Supplies,File Folder,5,976.82,0,976.82,190.44,Cash,N. Gupta
ORD-10904,1421,2025-04-18 15:19:13,Customer 79,West,Goa,Electronics,Headphones,5,27442.33,5,26070.21,4579.97,Cash,N. Gupta
ORD-10002,1236,2025-04-18 16:54:08,Customer 475,Central,Chhattisgarh,Office Supplies,Notebook,4,1135.02,5,1078.27,182.45,Debit Card,P. Sharma
ORD-10123,1162,2025-04-18 17:34:52,Customer 163,West,Gujarat,Office Supplies,File Folder,3,528.11,5,501.7,101.92,UPI,A. Kumar
ORD-11830,1346,2025-04-18 19:21:42,Customer 477,East,Bihar,Electronics,Smartphone,5,152977.93,10,137680.14,27852.52,UPI,A. Kumar
ORD-10386,1432,2025-04-18 22:06:31,Customer 408,East,Bihar,Office Supplies,Printer,3,44489.99,10,40040.99,5947.9,Net Banking,N. Gupta
ORD-10589,1161,2025-04-19 03:43:38,Customer 279,Central,Chhattisgarh,Office Supplies,File Folder,1,180.7,5,171.66,39.03,UPI,R. Singh
ORD-10768,1403,2025-04-19 05:19:11,Customer 213,Central,Madhya Pradesh,Furniture,Bookshelf,5,34116.36,5,32410.54,6291.13,Credit Card,P. Sharma
ORD-11652,1444,2025-04-19 06:46:26,Customer 341,West,Rajasthan,Electronics,Smartphone,1,29330.28,10,26397.25,6391.11,UPI,K. Yadav
ORD-10620,1290,2025-04-19 13:46:54,Customer 203,North,Punjab,Office Supplies,Pen Set,3,702.31,10,632.08,119.64,UPI,P. Sharma
ORD-10465,1393,2025-04-19 18:31:08,Customer 385,East,Odisha,Electronics,Tablet,3,75004.87,5,71254.63,16099.71,Net Banking,K. Yadav
ORD-10971,1093,2025-04-20 00:50:26,Customer 454,East,Bihar,Electronics,Laptop,2,118544.33,5,112617.11,22530.13,Net Banking,R. Singh
ORD-11659,1001,2025-04-20 04:10:21,Customer 242,West,Gujarat,Electronics,Headphones,3,13891.26,0,13891.26,2176.69,Debit Card,K. Yadav
ORD-10404,1288,2025-04-20 11:38:41,Customer 187,East,Odisha,Office Supplies,Pen Set,1,256.69,10,231.02,57.17,Cash,P. Sharma
ORD-11384,1393,2025-04-20 13:36:57,Customer 287,South,Karnataka,Furniture,Table,1,9022.21,0,9022.21,1637.02,Net Banking,N. Gupta
ORD-10639,1086,2025-04-20 14:21:49,Customer 392,West,Rajasthan,Electronics,Tablet,3,75765.22,5,71976.96,15953.16,UPI,S. Verma
ORD-10679,1338,2025-04-20 16:06:33,Customer 106,Central,Chhattisgarh,Office Supplies,Stapler,3,1166.18,10,1049.56,164.87,Credit Card,A. Kumar
ORD-10652,1290,2025-04-20 17:13:42,Customer 331,West,Goa,Accessories,Webcam,2,7915.55,5,7519.77,1719.01,Net Banking,K. Yadav
ORD-11885,1249,2025-04-20 22:56:17,Customer 402,South,Telangana,Office Supplies,Printer,4,68516.81,0,68516.81,12245.55,Net Banking,P. Sharma
ORD-11957,1361,2025-04-21 03:28:01,Customer 296,East,Odisha,Electronics,Smartphone,1,30542.69,5,29015.56,5825.71,UPI,S. Verma
ORD-10349,1207,2025-04-21 05:32:59,Customer 296,South,Kerala,Furniture,Desk,4,51424.74,0,51424.74,5612.69,Cash,K. Yadav
ORD-11148,1152,2025-04-21 22:04:50,Customer 365,Central,Chhattisgarh,Electronics,Tablet,5,105157.17,10,94641.45,15361.84,UPI,R. Singh
ORD-11674,1210,2025-04-22 00:32:18,Customer 487,South,Telangana,Furniture,Table,3,30699.48,15,26094.56,6326.92,Cash,K. Yadav
ORD-10130,1223,2025-04-22 01:04:31,Customer 41,West,Maharashtra,Accessories,Backpack,3,8430.41,10,7587.37,1402.32,Credit Card,S. Verma
ORD-10556,1047,2025-04-22 03:06:28,Customer 187,Central,Chhattisgarh,Office Supplies,Pen Set,2,527.69,5,501.31,78.02,Net Banking,S. Verma
ORD-10506,1228,2025-04-22 12:28:57,Customer 469,East,Bihar,Electronics,Monitor,1,18035.5,5,17133.72,1767.91,Cash,S. Verma
ORD-10730,1048,2025-04-23 04:55:35,Customer 433,North,Uttar Pradesh,Electronics,Monitor,1,18573.73,15,15787.67,3562.08,UPI,S. Verma
ORD-10244,1201,2025-04-23 13:18:20,Customer 77,South,Tamil Nadu,Furniture,Sofa,5,127312.7,10,114581.43,28545.2,Debit Card,K. Yadav
ORD-11616,1269,2025-04-23 14:41:32,Customer 442,North,Uttar Pradesh,Office Supplies,Notebook,2,563.85,10,507.47,65.67,Debit Card,R. Singh
ORD-10943,1242,2025-04-23 19:02:30,Customer 213,North,Haryana,Office Supplies,Notebook,4,1343.73,15,1142.17,220.46,Net Banking,K. Yadav
ORD-11389,1041,2025-04-23 22:08:32,Customer 404,Central,Chhattisgarh,Furniture,Office Chair,5,47063.42,20,37650.74,3628.12,UPI,R. Singh
ORD-11772,1416,2025-04-23 22:08:46,Customer 210,East,Bihar,Electronics,Tablet,5,125420.4,10,112878.36,13881.89,Cash,S. Verma
ORD-10452,1241,2025-04-23 22:42:59,Customer 381,Central,Madhya Pradesh,Furniture,Bookshelf,5,35626.93,0,35626.93,6639.65,Net Banking,R. Singh
ORD-10896,1025,2025-04-24 02:01:28,Customer 166,Central,Chhattisgarh,Office Supplies,File Folder,3,500.92,15,425.78,94.81,Debit Card,A. Kumar
ORD-10063,1119,2025-04-24 13:06:44,Customer 28,East,Bihar,Electronics,Smartphone,2,59312.2,5,56346.59,5512.26,Credit Card,A. Kumar
ORD-11921,1059,2025-04-24 13:58:38,Customer 285,East,Jharkhand,Accessories,Mouse,1,961.31,15,817.11,90.96,Debit Card,N. Gupta
ORD-10941,1053,2025-04-24 20:20:47,Customer 106,East,Bihar,Office Supplies,File Folder,4,660.49,15,561.42,122.13,Cash,P. Sharma
ORD-10615,1412,2025-04-24 21:21:59,Customer 194,South,Telangana,Electronics,Monitor,2,33408.11,15,28396.89,4844.06,Debit Card,N. Gupta
ORD-11168,1339,2025-04-24 23:51:09,Customer 173,South,Kerala,Furniture,Desk,4,51340.32,5,48773.3,5992.49,Credit Card,N. Gupta
ORD-10472,1350,2025-04-25 08:08:37,Customer 81,South,Telangana,Furniture,Office Chair,2,16407.28,15,13946.19,2682.35,UPI,N. Gupta
ORD-11151,1071,2025-04-25 15:11:23,Customer 102,West,Rajasthan,Electronics,Laptop,4,279692.77,5,265708.13,48804.65,Net Banking,S. Verma
ORD-11297,1220,2025-04-25 17:11:20,Customer 47,West,Gujarat,Electronics,Monitor,3,56993.18,0,56993.18,9696.42,Cash,A. Kumar
ORD-11366,1052,2025-04-25 18:57:57,Customer 423,South,Tamil Nadu,Accessories,Backpack,4,11066.39,20,8853.11,1272.14,UPI,A. Kumar
ORD-10938,1221,2025-04-25 18:58:03,Customer 117,East,Bihar,Electronics,Laptop,3,201343.13,0,201343.13,28739.63,Credit Card,K. Yadav
ORD-11528,1084,2025-04-26 04:07:32,Customer 394,East,Bihar,Electronics,Laptop,2,137856.45,10,124070.81,27479.78,UPI,S. Verma
ORD-10254,1327,2025-04-26 04:57:01,Customer 135,South,Tamil Nadu,Electronics,Laptop,3,224143.77,10,201729.39,44549.87,Debit Card,A. Kumar
ORD-10899,1354,2025-04-26 06:51:50,Customer 166,Central,Madhya Pradesh,Accessories,Mouse,4,3490.24,5,3315.73,361.16,Net Banking,N. Gupta
ORD-10889,1145,2025-04-26 09:08:24,Customer 88,Central,Madhya Pradesh,Furniture,Office Chair,5,41189.61,10,37070.65,6095.52,Cash,K. Yadav
ORD-11937,1149,2025-04-26 09:18:40,Customer 251,West,Rajasthan,Electronics,Smartphone,5,168595.64,10,151736.08,33418.16,UPI,R. Singh
ORD-10481,1321,2025-04-26 11:40:34,Customer 385,North,Punjab,Electronics,Smartphone,5,136602.74,15,116112.33,11631.24,Debit Card,N. Gupta
ORD-10249,1184,2025-04-26 19:52:51,Customer 425,South,Kerala,Furniture,Sofa,5,135808.13,10,122227.32,10977.97,Credit Card,S. Verma
ORD-10419,1204,2025-04-26 20:13:07,Customer 109,West,Gujarat,Furniture,Bookshelf,1,7406.69,0,7406.69,1320.94,Cash,A. Kumar
ORD-10022,1038,2025-04-26 20:13:25,Customer 365,East,West Bengal,Electronics,Monitor,3,53564.16,5,50885.95,6181.54,Debit Card,K. Yadav
ORD-10790,1205,2025-04-27 02:16:21,Customer 419,West,Maharashtra,Electronics,Smartphone,3,83110.99,10,74799.89,13158.28,Debit Card,P. Sharma
ORD-10018,1415,2025-04-27 06:57:33,Customer 298,North,Punjab,Furniture,Desk,1,12827.07,10,11544.36,1333.86,Debit Card,S. Verma
ORD-10593,1443,2025-04-27 13:27:33,Customer 247,North,Delhi,Accessories,Mouse,2,1676.35,5,1592.53,135.04,UPI,R. Singh
ORD-10600,1101,2025-04-27 13:39:32,Customer 58,West,Goa,Electronics,Laptop,2,139794.32,0,139794.32,12360.21,Net Banking,S. Verma
ORD-10522,1009,2025-04-27 15:05:32,Customer 309,West,Gujarat,Accessories,Mouse,4,4118.96,5,3913.01,846.43,Credit Card,R. Singh
ORD-10793,1135,2025-04-27 16:38:24,Customer 49,Central,Chhattisgarh,Electronics,Monitor,3,57633.98,10,51870.58,7960.9,UPI,N. Gupta
ORD-11474,1202,2025-04-27 22:30:57,Customer 344,West,Maharashtra,Furniture,Sofa,3,85621.47,10,77059.32,16410.34,Net Banking,A. Kumar
ORD-10662,1375,2025-04-28 00:02:30,Customer 155,North,Delhi,Furniture,Desk,3,39767.34,15,33802.24,7197.46,Credit Card,A. Kumar
ORD-11857,1091,2025-04-28 02:41:23,Customer 289,Central,Chhattisgarh,Electronics,Headphones,1,5428.24,15,4614.0,730.02,UPI,S. Verma
ORD-10484,1211,2025-04-28 11:22:57,Customer 390,North,Delhi,Office Supplies,Printer,4,63950.44,0,63950.44,9480.95,Net Banking,A. Kumar
ORD-11277,1411,2025-04-28 12:30:15,Customer 263,North,Haryana,Accessories,Webcam,2,7584.76,20,6067.81,571.53,Net Banking,A. Kumar
ORD-11788,1160,2025-04-28 13:45:39,Customer 393,West,Gujarat,Furniture,Desk,2,26754.11,0,26754.11,2370.27,UPI,A. Kumar
ORD-10042,1239,2025-04-28 15:33:31,Customer 9,Central,Chhattisgarh,Accessories,Mouse,5,4879.17,10,4391.25,878.21,Credit Card,P. Sharma
ORD-11010,1214,2025-04-29 00:54:43,Customer 269,Central,Madhya Pradesh,Office Supplies,File Folder,2,344.7,0,344.7,65.89,Cash,P. Sharma
ORD-10505,1081,2025-04-29 10:15:37,Customer 354,South,Tamil Nadu,Office Supplies,File Folder,1,205.64,10,185.08,43.83,Net Banking,R. Singh
ORD-10778,1299,2025-04-29 12:29:47,Customer 57,North,Delhi,Office Supplies,Notebook,4,1084.36,0,1084.36,193.15,UPI,P. Sharma
ORD-10389,1286,2025-04-30 04:47:05,Customer 230,Central,Chhattisgarh,Accessories,USB Hub,3,3581.66,5,3402.58,437.47,Credit Card,P. Sharma
ORD-11156,1427,2025-04-30 07:41:43,Customer 15,Central,Madhya Pradesh,Furniture,Table,2,21562.71,5,20484.57,2811.19,UPI,A. Kumar
ORD-10009,1227,2025-04-30 15:21:08,Customer 431,North,Punjab,Furniture,Table,3,31434.73,5,29862.99,5238.31,Debit Card,A. Kumar
ORD-11889,1277,2025-04-30 19:37:47,Customer 54,North,Haryana,Electronics,Laptop,4,254339.04,10,228905.14,46467.47,UPI,A. Kumar
ORD-11641,1180,2025-04-30 23:22:41,Customer 324,North,Delhi,Electronics,Smartphone,2,62998.02,10,56698.22,9511.67,Cash,R. Singh
ORD-10070,1329,2025-05-01 01:38:24,Customer 265,Central,Madhya Pradesh,Furniture,Desk,5,64268.57,0,64268.57,6658.24,Debit Card,K. Yadav
ORD-10711,1254,2025-05-01 01:41:48,Customer 210,East,Jharkhand,Furniture,Sofa,1,23294.39,5,22129.67,3999.32,UPI,K. Yadav
ORD-11704,1423,2025-05-01 04:59:27,Customer 254,South,Tamil Nadu,Electronics,Tablet,1,22140.2,0,22140.2,5451.91,Credit Card,K. Yadav
ORD-10258,1158,2025-05-01 05:31:32,Customer 269,West,Gujarat,Electronics,Tablet,5,115039.58,15,97783.64,16948.51,Net Banking,R. Singh
ORD-10881,1192,2025-05-01 07:32:06,Customer 6,Central,Madhya Pradesh,Furniture,Office Chair,5,50022.4,10,45020.16,3885.19,Net Banking,P. Sharma
ORD-10444,1076,2025-05-01 10:05:34,Customer 461,West,Gujarat,Office Supplies,Notebook,2,628.15,0,628.15,85.7,Credit Card,A. Kumar
ORD-11836,1332,2025-05-01 11:37:30,Customer 346,East,West Bengal,Electronics,Monitor,4,78557.17,5,74629.31,14219.16,Net Banking,K. Yadav
ORD-10787,1235,2025-05-01 17:32:20,Customer 194,South,Kerala,Accessories,Keyboard,2,3868.19,15,3287.96,428.35,Credit Card,N. Gupta
ORD-11093,1241,2025-05-01 19:43:05,Customer 338,South,Tamil Nadu,Electronics,Smartphone,3,89117.74,10,80205.97,8501.1,Debit Card,A. Kumar
ORD-11287,1060,2025-05-02 05:02:01,Customer 49,Central,Madhya Pradesh,Furniture,Sofa,3,71497.77,10,64347.99,15646.36,Debit Card,A. Kumar
ORD-10090,1119,2025-05-02 05:24:27,Customer 20,South,Karnataka,Accessories,Backpack,4,9839.66,15,8363.71,1185.31,Net Banking,N. Gupta
ORD-11207,1067,2025-05-02 09:25:49,Customer 96,North,Uttar Pradesh,Electronics,Monitor,5,100729.07,10,90656.16,10924.49,Credit Card,P. Sharma
ORD-10178,1017,2025-05-02 09:35:51,Customer 393,East,West Bengal,Office Supplies,File Folder,2,394.65,15,335.45,81.32,UPI,A. Kumar
ORD-10256,1173,2025-05-02 11:32:47,Customer 290,North,Uttar Pradesh,Electronics,Monitor,3,53309.08,0,53309.08,11589.39,Net Banking,N. Gupta
ORD-11767,1165,2025-05-02 13:23:00,Customer 215,West,Goa,Furniture,Sofa,2,55924.99,10,50332.49,8278.14,Credit Card,R. Singh
ORD-11724,1141,2025-05-02 15:43:41,Customer 175,West,Rajasthan,Accessories,Keyboard,5,9153.23,10,8237.91,1824.91,UPI,S. Verma
ORD-10633,1233,2025-05-02 18:26:10,Customer 395,East,West Bengal,Furniture,Sofa,1,25164.36,10,22647.92,4386.31,Cash,P. Sharma
ORD-10021,1161,2025-05-02 19:23:47,Customer 289,North,Haryana,Accessories,Mouse,2,1838.53,10,1654.68,412.11,Net Banking,S. Verma
ORD-11405,1297,2025-05-03 00:38:06,Customer 137,Central,Madhya Pradesh,Office Supplies,Notebook,5,1699.36,10,1529.42,302.79,Debit Card,P. Sharma
ORD-10297,1141,2025-05-03 01:56:21,Customer 262,North,Haryana,Office Supplies,File Folder,1,174.33,15,148.18,16.77,Cash,S. Verma
ORD-11149,1028,2025-05-03 09:49:01,Customer 428,Central,Chhattisgarh,Electronics,Laptop,5,327499.34,10,294749.41,41833.62,Credit Card,N. Gupta
ORD-11838,1267,2025-05-03 12:44:47,Customer 39,North,Delhi,Furniture,Bookshelf,1,7602.53,10,6842.28,1710.22,Credit Card,R. Singh
ORD-11308,1170,2025-05-03 23:59:59,Customer 174,East,Jharkhand,Accessories,Backpack,4,10611.79,5,10081.2,1767.12,Net Banking,P. Sharma
ORD-11027,1213,2025-05-04 01:45:08,Customer 72,Central,Madhya Pradesh,Furniture,Office Chair,3,28398.8,10,25558.92,3694.22,Debit Card,R. Singh
ORD-10045,1317,2025-05-04 04:11:42,Customer 361,South,Kerala,Electronics,Tablet,5,99312.23,10,89381.01,8006.0,UPI,R. Singh
ORD-11715,1323,2025-05-04 13:08:07,Customer 296,East,West Bengal,Office Supplies,File Folder,2,338.14,5,321.23,25.79,Net Banking,N. Gupta
ORD-10310,1284,2025-05-04 14:35:44,Customer 369,East,Odisha,Accessories,Backpack,3,8198.06,10,7378.25,1058.81,Net Banking,S. Verma
ORD-10383,1163,2025-05-04 17:07:57,Customer 14,North,Delhi,Furniture,Table,1,11086.48,5,10532.16,2477.08,Net Banking,K. Yadav
ORD-10988,1186,2025-05-04 19:55:25,Customer 436,Central,Chhattisgarh,Electronics,Laptop,1,70357.62,15,59803.98,13517.36,Credit Card,N. Gupta
ORD-10930,1431,2025-05-05 11:57:17,Customer 115,Central,Madhya Pradesh,Furniture,Bookshelf,4,29634.75,5,28153.01,3707.93,Credit Card,S. Verma
ORD-10105,1236,2025-05-05 13:08:08,Customer 272,South,Telangana,Accessories,Webcam,4,12784.39,0,12784.39,1104.46,Cash,A. Kumar
ORD-10142,1179,2025-05-05 18:58:21,Customer 12,Central,Chhattisgarh,Electronics,Laptop,3,197544.7,15,167913.0,22457.78,Credit Card,S. Verma
ORD-10201,1205,2025-05-05 23:20:37,Customer 44,West,Rajasthan,Electronics,Monitor,2,34847.55,15,29620.42,4634.29,UPI,N. Gupta
ORD-10041,1053,2025-05-06 02:21:10,Customer 144,West,Rajasthan,Furniture,Table,5,48665.13,5,46231.87,8984.15,UPI,N. Gupta
ORD-10872,1028,2025-05-06 18:05:06,Customer 260,Central,Madhya Pradesh,Electronics,Headphones,3,14160.73,10,12744.66,1749.55,Net Banking,P. Sharma
ORD-10048,1358,2025-05-06 20:30:03,Customer 408,North,Delhi,Office Supplies,Pen Set,1,282.2,20,225.76,20.28,Cash,N. Gupta
ORD-10785,1175,2025-05-07 01:21:04,Customer 387,North,Punjab,Electronics,Monitor,2,39722.54,0,39722.54,6744.83,Net Banking,K. Yadav
ORD-11630,1025,2025-05-07 06:34:26,Customer 13,East,Odisha,Furniture,Bookshelf,5,34452.9,5,32730.26,6706.14,Credit Card,P. Sharma
ORD-10098,1131,2025-05-07 07:23:16,Customer 108,North,Punjab,Office Supplies,Printer,5,80407.54,10,72366.79,8820.67,Cash,R. Singh
ORD-10427,1278,2025-05-07 09:50:08,Customer 210,South,Kerala,Office Supplies,Stapler,2,732.29,15,622.45,149.32,UPI,A. Kumar
ORD-10635,1331,2025-05-07 20:31:51,Customer 225,West,Goa,Electronics,Monitor,3,59477.81,15,50556.14,11506.3,Credit Card,N. Gupta
ORD-11709,1048,2025-05-07 22:44:25,Customer 59,Central,Madhya Pradesh,Electronics,Smartphone,5,143407.87,10,129067.08,29956.38,UPI,S. Verma
ORD-10033,1039,2025-05-07 23:25:23,Customer 289,North,Uttar Pradesh,Accessories,USB Hub,5,6111.26,0,6111.26,999.65,Net Banking,P. Sharma
ORD-11858,1193,2025-05-08 04:36:46,Customer 303,East,Bihar,Electronics,Smartphone,1,30892.47,10,27803.22,2433.8,Debit Card,N. Gupta
ORD-10707,1094,2025-05-08 05:20:49,Customer 144,North,Delhi,Furniture,Table,5,48783.49,10,43905.14,5548.51,UPI,P. Sharma
ORD-10246,1300,2025-05-08 10:23:06,Customer 359,South,Karnataka,Electronics,Tablet,2,40234.12,5,38222.41,4813.81,Cash,R. Singh
ORD-11404,1050,2025-05-08 13:01:10,Customer 296,Central,Chhattisgarh,Furniture,Desk,4,54125.66,10,48713.09,6124.81,Credit Card,A. Kumar
ORD-10933,1048,2025-05-08 15:45:13,Customer 233,West,Goa,Furniture,Sofa,5,128543.15,15,109261.68,23894.38,Cash,N. Gupta
ORD-11015,1078,2025-05-08 16:24:33,Customer 295,East,Bihar,Office Supplies,Printer,5,68170.28,10,61353.25,10041.06,UPI,P. Sharma
ORD-11899,1147,2025-05-08 20:05:07,Customer 51,Central,Chhattisgarh,Furniture,Desk,3,39341.31,15,33440.11,7010.75,Credit Card,R. Singh
ORD-11780,1103,2025-05-08 20:53:50,Customer 430,Central,Madhya Pradesh,Electronics,Smartphone,4,131402.22,10,118262.0,28591.03,Debit Card,N. Gupta
ORD-10193,1216,2025-05-08 23:55:16,Customer 336,West,Goa,Office Supplies,Stapler,1,418.82,10,376.94,71.32,Credit Card,S. Verma
ORD-11206,1351,2025-05-09 04:40:42,Customer 342,South,Telangana,Accessories,Backpack,4,10098.73,0,10098.73,2093.97,Debit Card,P. Sharma
ORD-11491,1120,2025-05-10 17:33:20,Customer 120,East,Bihar,Office Supplies,Pen Set,5,1132.09,15,962.28,189.24,UPI,A. Kumar
ORD-10180,1008,2025-05-10 18:19:56,Customer 200,North,Haryana,Accessories,Backpack,3,6948.18,20,5558.54,863.55,UPI,R. Singh
ORD-10365,1002,2025-05-10 20:00:53,Customer 210,East,Odisha,Office Supplies,File Folder,5,914.92,15,777.68,82.64,UPI,K. Yadav
ORD-11537,1352,2025-05-10 22:37:17,Customer 326,East,Bihar,Office Supplies,Printer,2,30664.83,10,27598.35,6515.77,UPI,S. Verma
ORD-11653,1148,2025-05-11 05:00:58,Customer 114,South,Kerala,Furniture,Bookshelf,4,28424.89,0,28424.89,6649.78,UPI,S. Verma
ORD-11184,1093,2025-05-11 12:22:27,Customer 422,South,Karnataka,Accessories,Keyboard,1,1750.75,5,1663.21,321.71,Net Banking,R. Singh
ORD-11317,1403,2025-05-11 13:15:43,Customer 107,Central,Chhattisgarh,Furniture,Desk,2,23179.33,10,20861.4,4073.08,Net Banking,N. Gupta
ORD-11979,1073,2025-05-11 16:37:10,Customer 369,North,Delhi,Furniture,Table,3,30167.44,10,27150.7,4914.87,Net Banking,N. Gupta
ORD-10468,1151,2025-05-11 21:55:29,Customer 50,East,Jharkhand,Furniture,Table,5,49537.29,15,42106.7,8560.85,Credit Card,K. Yadav
ORD-11906,1037,2025-05-12 00:09:31,Customer 337,North,Haryana,Office Supplies,Stapler,4,1712.91,0,1712.91,178.64,Credit Card,S. Verma
ORD-11203,1320,2025-05-12 02:52:22,Customer 434,Central,Madhya Pradesh,Electronics,Smartphone,5,150220.79,0,150220.79,36722.72,UPI,S. Verma
ORD-10583,1031,2025-05-12 09:54:51,Customer 47,East,West Bengal,Accessories,Webcam,1,3166.21,0,3166.21,607.44,Credit Card,P. Sharma
ORD-10661,1341,2025-05-12 09:56:08,Customer 343,North,Uttar Pradesh,Furniture,Sofa,4,109227.69,15,92843.54,14472.48,Cash,R. Singh
ORD-10868,1199,2025-05-12 15:53:36,Customer 60,Central,Chhattisgarh,Electronics,Headphones,1,5170.24,10,4653.22,720.41,Credit Card,S. Verma
ORD-10478,1179,2025-05-12 17:39:17,Customer 128,South,Kerala,Electronics,Smartphone,1,27052.37,10,24347.13,2919.42,Cash,R. Singh
ORD-11016,1363,2025-05-13 00:31:58,Customer 239,East,Jharkhand,Accessories,USB Hub,3,4131.34,10,3718.21,704.23,Net Banking,K. Yadav
ORD-10412,1150,2025-05-13 01:16:39,Customer 454,Central,Chhattisgarh,Furniture,Table,2,18637.43,15,15841.82,3591.52,Cash,N. Gupta
ORD-11646,1024,2025-05-13 08:14:36,Customer 458,East,West Bengal,Furniture,Office Chair,5,48548.82,15,41266.5,5124.71,Credit Card,K. Yadav
ORD-10929,1146,2025-05-13 08:43:10,Customer 444,East,West Bengal,Furniture,Desk,5,66615.67,10,59954.1,6214.67,Net Banking,K. Yadav
ORD-10087,1178,2025-05-13 22:08:28,Customer 8,East,Jharkhand,Electronics,Tablet,2,44096.08,0,44096.08,4698.26,UPI,A. Kumar
ORD-10753,1234,2025-05-14 03:40:56,Customer 131,Central,Madhya Pradesh,Accessories,Mouse,2,1989.26,5,1889.8,228.03,Cash,R. Singh
ORD-11238,1147,2025-05-14 04:55:17,Customer 57,North,Punjab,Electronics,Headphones,1,4564.73,15,3880.02,909.63,Credit Card,P. Sharma
ORD-11507,1217,2025-05-14 11:22:14,Customer 66,North,Haryana,Accessories,Webcam,3,9866.32,10,8879.69,1792.69,UPI,S. Verma
ORD-10717,1357,2025-05-14 15:31:31,Customer 354,North,Punjab,Accessories,Mouse,3,2779.87,10,2501.88,333.89,Credit Card,P. Sharma
ORD-10666,1071,2025-05-14 17:55:26,Customer 402,East,Jharkhand,Electronics,Headphones,4,21621.93,5,20540.83,4758.91,Credit Card,S. Verma
ORD-10579,1433,2025-05-14 18:34:19,Customer 231,North,Haryana,Electronics,Smartphone,5,160521.02,5,152494.97,24066.21,Debit Card,K. Yadav
ORD-11576,1111,2025-05-14 21:32:23,Customer 15,Central,Chhattisgarh,Office Supplies,Notebook,5,1480.76,5,1406.72,241.67,Net Banking,R. Singh
ORD-11155,1110,2025-05-15 05:43:23,Customer 323,North,Haryana,Electronics,Tablet,2,49842.44,5,47350.32,6983.15,Cash,N. Gupta
ORD-11328,1215,2025-05-15 07:50:55,Customer 235,Central,Madhya Pradesh,Furniture,Table,1,9681.58,10,8713.42,1164.53,Credit Card,K. Yadav
ORD-11907,1128,2025-05-15 16:23:11,Customer 117,Central,Chhattisgarh,Electronics,Smartphone,3,86176.63,10,77558.97,7805.59,Cash,A. Kumar
ORD-10995,1056,2025-05-15 21:11:50,Customer 273,Central,Chhattisgarh,Accessories,Webcam,2,7892.98,10,7103.68,1268.5,Debit Card,K. Yadav
ORD-10456,1099,2025-05-16 02:03:36,Customer 308,North,Haryana,Electronics,Laptop,5,357390.78,15,303782.16,25342.55,Net Banking,N. Gupta
ORD-10996,1205,2025-05-16 03:13:24,Customer 113,North,Uttar Pradesh,Accessories,USB Hub,1,1190.14,15,1011.62,133.32,UPI,N. Gupta
ORD-11803,1439,2025-05-16 04:44:08,Customer 349,West,Maharashtra,Electronics,Laptop,3,176393.4,10,158754.06,32343.02,Net Banking,P. Sharma
ORD-11756,1330,2025-05-16 05:55:26,Customer 337,North,Uttar Pradesh,Furniture,Desk,2,24059.88,15,20450.9,2279.86,Debit Card,P. Sharma
ORD-10267,1274,2025-05-16 06:56:02,Customer 28,North,Punjab,Office Supplies,File Folder,5,876.44,0,876.44,167.21,Cash,S. Verma
ORD-11668,1199,2025-05-16 12:41:45,Customer 441,Central,Chhattisgarh,Accessories,Backpack,5,12816.79,10,11535.11,2131.37,Cash,R. Singh
ORD-10039,1361,2025-05-16 15:41:17,Customer 273,South,Tamil Nadu,Office Supplies,File Folder,4,725.22,15,616.44,128.39,UPI,K. Yadav
ORD-10391,1202,2025-05-16 16:39:47,Customer 6,West,Goa,Office Supplies,Notebook,2,577.43,10,519.69,65.82,Debit Card,R. Singh
ORD-10920,1162,2025-05-16 18:04:56,Customer 454,West,Maharashtra,Electronics,Headphones,2,9526.15,5,9049.84,1093.33,Credit Card,K. Yadav
ORD-11481,1035,2025-05-16 23:34:25,Customer 289,East,Jharkhand,Accessories,Mouse,3,3075.45,15,2614.13,466.9,Cash,K. Yadav
ORD-10515,1258,2025-05-17 03:18:22,Customer 485,South,Kerala,Electronics,Tablet,4,100401.07,5,95381.02,17411.44,Credit Card,P. Sharma
ORD-10818,1330,2025-05-17 07:24:17,Customer 420,East,Bihar,Office Supplies,Stapler,3,1362.91,15,1158.47,128.37,Debit Card,K. Yadav
ORD-11175,1117,2025-05-17 08:07:56,Customer 293,North,Punjab,Office Supplies,Pen Set,1,241.8,10,217.62,22.39,Cash,S. Verma
ORD-10430,1047,2025-05-17 17:16:42,Customer 187,South,Telangana,Electronics,Tablet,1,21979.72,5,20880.73,2179.74,Cash,N. Gupta
ORD-10722,1261,2025-05-18 11:48:06,Customer 223,South,Kerala,Furniture,Desk,2,22096.43,15,18781.97,2439.2,Debit Card,S. Verma
ORD-10366,1337,2025-05-18 14:39:35,Customer 467,Central,Chhattisgarh,Furniture,Desk,5,64115.99,15,54498.59,4780.99,Cash,A. Kumar
ORD-11948,1383,2025-05-18 16:23:39,Customer 476,Central,Madhya Pradesh,Furniture,Desk,2,23305.36,15,19809.56,2206.98,Credit Card,R. Singh
ORD-11529,1214,2025-05-18 21:14:54,Customer 139,North,Uttar Pradesh,Electronics,Tablet,4,96693.48,10,87024.13,12819.29,Credit Card,A. Kumar
ORD-11212,1117,2025-05-18 22:29:29,Customer 53,South,Tamil Nadu,Office Supplies,Notebook,2,661.13,0,661.13,60.72,Net Banking,A. Kumar
ORD-11586,1013,2025-05-19 00:11:42,Customer 300,East,Bihar,Office Supplies,Printer,5,76560.71,15,65076.6,5952.9,Net Banking,A. Kumar
ORD-10940,1364,2025-05-19 08:49:11,Customer 250,East,Jharkhand,Furniture,Office Chair,2,16552.09,15,14069.28,3123.84,UPI,P. Sharma
ORD-11315,1228,2025-05-19 08:56:40,Customer 142,North,Delhi,Electronics,Smartphone,3,82974.82,10,74677.34,15225.28,Cash,P. Sharma
ORD-10913,1243,2025-05-19 09:02:12,Customer 152,East,West Bengal,Furniture,Table,5,52812.83,15,44890.91,9715.21,Cash,P. Sharma
ORD-11843,1416,2025-05-19 13:40:51,Customer 173,East,West Bengal,Electronics,Monitor,1,16647.62,10,14982.86,2639.07,Debit Card,N. Gupta
ORD-11702,1044,2025-05-19 19:00:31,Customer 312,North,Delhi,Electronics,Tablet,4,91263.3,0,91263.3,13157.85,Credit Card,S. Verma
ORD-11525,1276,2025-05-19 21:38:58,Customer 232,West,Goa,Electronics,Headphones,3,15086.45,10,13577.81,2363.7,Cash,P. Sharma
ORD-10146,1304,2025-05-19 23:07:48,Customer 361,West,Rajasthan,Accessories,USB Hub,1,1260.18,15,1071.15,236.26,Credit Card,K. Yadav
ORD-10153,1291,2025-05-20 12:56:39,Customer 144,East,Odisha,Electronics,Monitor,5,87409.64,5,83039.16,17979.17,Credit Card,S. Verma
ORD-11240,1419,2025-05-20 23:40:04,Customer 452,South,Telangana,Office Supplies,Printer,5,81843.79,20,65475.03,14693.33,UPI,A. Kumar
ORD-11639,1171,2025-05-21 02:20:36,Customer 353,South,Karnataka,Electronics,Monitor,1,16349.84,5,15532.35,3222.64,Debit Card,P. Sharma
ORD-10991,1296,2025-05-21 07:51:06,Customer 348,West,Gujarat,Office Supplies,Printer,5,75521.69,5,71745.61,16848.43,Credit Card,P. Sharma
ORD-11485,1049,2025-05-21 08:09:07,Customer 62,South,Kerala,Electronics,Monitor,4,79643.08,15,67696.62,14556.65,Cash,P. Sharma
ORD-10376,1340,2025-05-21 09:21:52,Customer 116,West,Goa,Accessories,Keyboard,1,1948.37,15,1656.11,302.48,Net Banking,K. Yadav
ORD-11331,1148,2025-05-21 17:13:49,Customer 365,South,Telangana,Electronics,Headphones,3,14823.29,5,14082.13,2197.37,Net Banking,R. Singh
ORD-11871,1432,2025-05-21 21:05:42,Customer 480,East,West Bengal,Electronics,Headphones,3,16646.9,15,14149.86,2572.32,Debit Card,K. Yadav
ORD-11676,1055,2025-05-22 02:00:48,Customer 133,South,Telangana,Furniture,Sofa,4,91314.67,5,86748.94,16353.93,Cash,N. Gupta
ORD-10075,1231,2025-05-22 02:16:58,Customer 420,East,Bihar,Office Supplies,Notebook,4,1318.21,10,1186.39,202.5,Net Banking,K. Yadav
ORD-10259,1160,2025-05-22 05:24:01,Customer 14,Central,Madhya Pradesh,Office Supplies,Printer,2,31393.99,10,28254.59,2605.13,Credit Card,S. Verma
ORD-11590,1403,2025-05-22 08:40:48,Customer 359,South,Telangana,Accessories,USB Hub,2,2372.04,10,2134.84,492.08,Cash,A. Kumar
ORD-10925,1086,2025-05-22 09:04:18,Customer 227,North,Uttar Pradesh,Accessories,USB Hub,3,3603.93,5,3423.73,681.8,Cash,K. Yadav
ORD-10073,1295,2025-05-22 10:09:43,Customer 14,East,Bihar,Office Supplies,Stapler,1,447.72,5,425.33,93.07,Debit Card,N. Gupta
ORD-11744,1089,2025-05-22 12:44:44,Customer 190,West,Maharashtra,Accessories,Mouse,3,2893.84,10,2604.46,429.01,Debit Card,A. Kumar
ORD-11376,1100,2025-05-23 00:24:52,Customer 302,West,Gujarat,Accessories,Mouse,1,978.32,5,929.4,109.1,Net Banking,K. Yadav
ORD-10503,1106,2025-05-23 10:00:55,Customer 381,East,West Bengal,Electronics,Smartphone,5,163050.6,15,138593.01,27682.15,Debit Card,K. Yadav
ORD-10686,1201,2025-05-23 12:24:13,Customer 115,Central,Madhya Pradesh,Accessories,Backpack,2,4708.69,0,4708.69,445.06,Credit Card,S. Verma
ORD-11393,1354,2025-05-23 16:03:27,Customer 417,North,Uttar Pradesh,Electronics,Smartphone,5,166494.73,5,158169.99,37687.93,Debit Card,R. Singh
ORD-11938,1262,2025-05-23 17:47:53,Customer 494,South,Kerala,Accessories,Mouse,4,3399.43,0,3399.43,763.38,Cash,R. Singh
ORD-10739,1141,2025-05-23 19:20:50,Customer 7,South,Telangana,Electronics,Smartphone,5,139536.02,0,139536.02,23671.29,UPI,R. Singh
ORD-10510,1331,2025-05-23 19:46:30,Customer 226,West,Goa,Electronics,Smartphone,1,32765.6,0,32765.6,5834.16,UPI,S. Verma
ORD-10816,1253,2025-05-24 04:09:44,Customer 93,South,Tamil Nadu,Furniture,Table,5,54882.54,0,54882.54,7288.3,Debit Card,P. Sharma
ORD-11312,1390,2025-05-24 13:27:12,Customer 407,South,Kerala,Accessories,Backpack,3,7421.7,0,7421.7,1550.19,Cash,K. Yadav
ORD-11900,1107,2025-05-24 17:23:01,Customer 382,North,Punjab,Furniture,Sofa,4,113106.1,5,107450.8,20282.81,Credit Card,P. Sharma
ORD-11700,1247,2025-05-24 20:22:37,Customer 307,Central,Madhya Pradesh,Office Supplies,Notebook,5,1412.04,10,1270.84,154.43,Debit Card,K. Yadav
ORD-10705,1140,2025-05-25 02:11:09,Customer 402,West,Rajasthan,Office Supplies,Notebook,4,1255.73,10,1130.16,176.05,Cash,N. Gupta
ORD-10051,1146,2025-05-25 05:10:55,Customer 239,South,Telangana,Accessories,Webcam,5,16471.15,10,14824.03,3145.55,UPI,R. Singh
ORD-10857,1286,2025-05-25 10:26:50,Customer 232,Central,Chhattisgarh,Accessories,USB Hub,2,2686.87,10,2418.18,470.61,Cash,K. Yadav
ORD-10154,1074,2025-05-25 11:06:14,Customer 397,South,Karnataka,Electronics,Monitor,2,33496.97,5,31822.12,6230.45,UPI,P. Sharma
ORD-11769,1018,2025-05-25 11:53:04,Customer 161,North,Haryana,Accessories,Webcam,3,10243.8,5,9731.61,1718.03,Credit Card,A. Kumar
ORD-11045,1086,2025-05-25 13:22:50,Customer 466,West,Maharashtra,Electronics,Tablet,1,25151.38,5,23893.81,3005.27,UPI,S. Verma
ORD-10575,1073,2025-05-25 13:47:10,Customer 462,West,Goa,Electronics,Headphones,2,10138.92,15,8618.08,1523.8,UPI,N. Gupta
ORD-10435,1098,2025-05-25 13:49:16,Customer 472,Central,Chhattisgarh,Furniture,Bookshelf,2,14144.03,5,13436.83,1679.07,Credit Card,S. Verma
ORD-10362,1287,2025-05-25 16:35:40,Customer 255,North,Uttar Pradesh,Furniture,Bookshelf,2,13885.87,0,13885.87,2425.21,Net Banking,K. Yadav
ORD-11728,1214,2025-05-25 21:27:01,Customer 14,South,Karnataka,Electronics,Headphones,4,22099.41,20,17679.53,1957.29,Credit Card,R. Singh
ORD-10950,1405,2025-05-25 22:20:19,Customer 449,Central,Chhattisgarh,Office Supplies,File Folder,3,575.52,5,546.74,107.29,Cash,S. Verma
ORD-11069,1418,2025-05-26 04:12:22,Customer 123,North,Punjab,Furniture,Desk,1,12210.87,10,10989.78,2716.88,Credit Card,A. Kumar
ORD-10331,1224,2025-05-26 07:11:03,Customer 22,Central,Madhya Pradesh,Furniture,Table,1,11008.84,15,9357.51,1072.28,Cash,A. Kumar
ORD-11746,1206,2025-05-26 17:38:09,Customer 9,West,Goa,Electronics,Smartphone,4,137273.68,5,130410.0,10932.99,Net Banking,S. Verma
ORD-11785,1060,2025-05-26 20:27:25,Customer 452,West,Gujarat,Electronics,Headphones,3,15776.05,0,15776.05,2526.87,UPI,K. Yadav
ORD-10709,1093,2025-05-27 00:43:44,Customer 324,East,Odisha,Electronics,Laptop,4,235264.01,20,188211.21,22142.42,UPI,A. Kumar
ORD-11764,1058,2025-05-27 01:46:32,Customer 332,Central,Chhattisgarh,Office Supplies,Notebook,3,958.09,0,958.09,159.23,UPI,A. Kumar
ORD-11272,1220,2025-05-27 02:20:25,Customer 230,North,Punjab,Office Supplies,Pen Set,3,803.02,10,722.72,130.49,Cash,A. Kumar
ORD-10530,1405,2025-05-27 08:59:51,Customer 193,North,Delhi,Electronics,Smartphone,2,57821.23,5,54930.17,10983.54,Cash,A. Kumar
ORD-11495,1216,2025-05-27 09:31:33,Customer 239,South,Telangana,Electronics,Headphones,1,4954.73,10,4459.26,745.62,Net Banking,K. Yadav
ORD-11228,1129,2025-05-27 09:35:58,Customer 423,South,Telangana,Electronics,Monitor,1,16800.28,15,14280.24,2382.25,UPI,R. Singh
ORD-11176,1283,2025-05-27 09:49:18,Customer 475,South,Karnataka,Accessories,Webcam,4,14602.51,10,13142.26,1968.5,Credit Card,A. Kumar
ORD-10815,1218,2025-05-27 15:57:44,Customer 61,Central,Madhya Pradesh,Electronics,Laptop,4,252414.27,0,252414.27,25640.02,Cash,R. Singh
ORD-11444,1063,2025-05-27 20:48:11,Customer 41,West,Gujarat,Electronics,Tablet,2,40942.48,0,40942.48,8008.78,Cash,N. Gupta
ORD-10860,1255,2025-05-27 20:58:41,Customer 494,South,Telangana,Accessories,Webcam,1,3983.56,10,3585.2,393.3,Debit Card,P. Sharma
ORD-11909,1381,2025-05-27 22:49:27,Customer 42,West,Gujarat,Office Supplies,File Folder,4,775.09,10,697.58,165.54,Net Banking,N. Gupta
ORD-11223,1415,2025-05-28 13:01:24,Customer 128,South,Karnataka,Accessories,Keyboard,5,8800.18,10,7920.16,1718.41,Net Banking,P. Sharma
ORD-10655,1061,2025-05-28 20:02:35,Customer 286,East,West Bengal,Electronics,Smartphone,3,95026.76,20,76021.41,13305.42,UPI,A. Kumar
ORD-11436,1226,2025-05-28 22:20:12,Customer 164,West,Rajasthan,Electronics,Smartphone,2,55197.47,0,55197.47,4623.49,Debit Card,K. Yadav
ORD-10859,1120,2025-05-29 05:46:27,Customer 363,South,Kerala,Electronics,Headphones,1,4713.16,15,4006.19,767.37,Debit Card,N. Gupta
ORD-10826,1309,2025-05-29 06:06:53,Customer 69,East,Odisha,Electronics,Headphones,1,4905.31,0,4905.31,761.65,Cash,K. Yadav
ORD-10093,1165,2025-05-29 06:43:36,Customer 486,South,Kerala,Office Supplies,Notebook,5,1655.65,10,1490.09,136.22,Credit Card,S. Verma
ORD-10571,1103,2025-05-29 10:05:29,Customer 178,East,West Bengal,Office Supplies,Pen Set,4,1011.99,10,910.79,225.23,Debit Card,R. Singh
ORD-10713,1393,2025-05-29 10:18:14,Customer 362,Central,Madhya Pradesh,Electronics,Tablet,5,113220.74,15,96237.63,20858.9,Net Banking,S. Verma
ORD-10044,1445,2025-05-29 12:19:55,Customer 182,North,Uttar Pradesh,Office Supplies,Printer,5,81625.84,5,77544.55,7304.32,Debit Card,P. Sharma
ORD-10382,1405,2025-05-29 17:35:10,Customer 209,North,Punjab,Furniture,Table,1,9632.15,10,8668.93,1222.89,Debit Card,N. Gupta
ORD-11081,1099,2025-05-29 22:42:37,Customer 176,North,Uttar Pradesh,Furniture,Bookshelf,1,7167.53,15,6092.4,489.65,Net Banking,S. Verma
ORD-11264,1345,2025-05-29 23:53:31,Customer 138,North,Delhi,Accessories,USB Hub,3,3483.0,0,3483.0,433.22,UPI,N. Gupta
ORD-11350,1408,2025-05-30 00:02:24,Customer 402,North,Punjab,Furniture,Bookshelf,5,32066.13,10,28859.52,3888.0,Credit Card,S. Verma
ORD-11924,1117,2025-05-30 02:30:31,Customer 22,Central,Chhattisgarh,Electronics,Tablet,3,63884.38,15,54301.72,13563.38,Debit Card,P. Sharma
ORD-11825,1210,2025-05-30 04:37:49,Customer 328,Central,Chhattisgarh,Electronics,Laptop,5,309932.53,10,278939.28,54005.21,UPI,R. Singh
ORD-11478,1399,2025-05-30 17:05:07,Customer 326,East,Bihar,Office Supplies,Pen Set,1,237.41,10,213.67,36.61,Net Banking,P. Sharma
ORD-10474,1216,2025-05-30 21:24:19,Customer 260,South,Kerala,Office Supplies,Pen Set,1,270.25,15,229.71,35.19,Net Banking,P. Sharma
ORD-10260,1415,2025-05-31 07:52:45,Customer 290,West,Maharashtra,Office Supplies,Stapler,5,2258.4,10,2032.56,301.32,Credit Card,P. Sharma
ORD-10406,1199,2025-05-31 10:33:37,Customer 106,West,Rajasthan,Furniture,Bookshelf,4,26565.06,10,23908.55,5086.69,Cash,S. Verma
ORD-10351,1318,2025-05-31 10:39:38,Customer 7,West,Goa,Electronics,Smartphone,1,31551.35,15,26818.65,6170.85,Net Banking,R. Singh
ORD-11543,1385,2025-05-31 13:38:17,Customer 21,North,Uttar Pradesh,Office Supplies,Notebook,3,881.5,5,837.42,173.46,Debit Card,R. Singh
ORD-10708,1399,2025-06-01 12:17:22,Customer 72,North,Uttar Pradesh,Accessories,Mouse,4,3632.92,10,3269.63,511.73,Credit Card,P. Sharma
ORD-10165,1038,2025-06-01 19:35:15,Customer 226,North,Delhi,Office Supplies,Stapler,2,877.58,15,745.94,136.84,Net Banking,K. Yadav
ORD-10927,1070,2025-06-01 20:05:19,Customer 396,South,Kerala,Furniture,Table,4,44994.53,15,38245.35,5677.29,Debit Card,A. Kumar
ORD-10091,1158,2025-06-01 22:11:03,Customer 59,North,Uttar Pradesh,Accessories,Webcam,4,16010.92,15,13609.28,1353.04,UPI,P. Sharma
ORD-10700,1176,2025-06-01 22:34:20,Customer 116,North,Uttar Pradesh,Electronics,Laptop,5,327392.64,10,294653.38,31455.18,Net Banking,A. Kumar
ORD-11662,1099,2025-06-03 04:30:36,Customer 403,East,Jharkhand,Office Supplies,File Folder,3,544.96,10,490.46,43.64,Net Banking,A. Kumar
ORD-11364,1294,2025-06-03 12:24:07,Customer 392,North,Delhi,Electronics,Tablet,3,63416.99,0,63416.99,15199.03,UPI,K. Yadav
ORD-10114,1168,2025-06-04 00:05:47,Customer 353,East,Jharkhand,Office Supplies,Pen Set,5,1208.45,15,1027.18,221.42,Debit Card,R. Singh
ORD-11864,1019,2025-06-04 02:44:27,Customer 92,East,Odisha,Electronics,Monitor,5,82151.09,10,73935.98,9283.82,Debit Card,N. Gupta
ORD-11823,1366,2025-06-04 07:29:28,Customer 375,West,Goa,Accessories,USB Hub,2,2295.24,5,2180.48,387.47,Net Banking,R. Singh
ORD-10234,1161,2025-06-04 16:10:38,Customer 420,North,Haryana,Electronics,Headphones,1,5254.74,10,4729.27,470.39,Credit Card,N. Gupta
ORD-11688,1243,2025-06-04 17:58:56,Customer 145,North,Haryana,Electronics,Smartphone,1,33239.35,10,29915.41,6931.81,Debit Card,P. Sharma
ORD-11851,1053,2025-06-04 18:41:51,Customer 123,East,Odisha,Furniture,Sofa,4,110143.4,10,99129.06,10211.77,Net Banking,P. Sharma
ORD-10564,1154,2025-06-05 00:55:37,Customer 285,Central,Chhattisgarh,Office Supplies,Notebook,2,591.36,10,532.22,50.84,Cash,S. Verma
ORD-10424,1118,2025-06-05 01:44:35,Customer 75,Central,Madhya Pradesh,Electronics,Laptop,5,354780.34,10,319302.31,43530.44,UPI,K. Yadav
ORD-10488,1032,2025-06-05 10:38:06,Customer 62,West,Maharashtra,Furniture,Bookshelf,2,14575.38,15,12389.07,2226.4,Debit Card,S. Verma
ORD-11050,1310,2025-06-05 17:25:48,Customer 102,South,Telangana,Accessories,Backpack,1,2454.53,5,2331.8,293.38,UPI,N. Gupta
ORD-11052,1374,2025-06-06 06:43:39,Customer 275,South,Karnataka,Accessories,Keyboard,3,5141.29,10,4627.16,1086.27,Debit Card,S. Verma
ORD-11956,1413,2025-06-06 07:56:13,Customer 259,North,Uttar Pradesh,Office Supplies,Stapler,5,1904.3,5,1809.08,307.68,Cash,R. Singh
ORD-10499,1337,2025-06-07 04:39:25,Customer 304,South,Tamil Nadu,Electronics,Monitor,2,32598.77,5,30968.83,4234.13,Cash,P. Sharma
ORD-10829,1304,2025-06-07 08:38:00,Customer 327,East,Odisha,Accessories,USB Hub,3,3252.55,10,2927.29,415.87,Cash,K. Yadav
ORD-10806,1263,2025-06-07 16:08:48,Customer 449,Central,Madhya Pradesh,Office Supplies,Pen Set,2,483.63,15,411.09,70.17,Credit Card,P. Sharma
ORD-10883,1256,2025-06-07 20:14:11,Customer 112,East,Bihar,Electronics,Smartphone,5,171173.36,10,154056.02,28759.87,Credit Card,S. Verma
ORD-10031,1048,2025-06-08 00:05:44,Customer 488,North,Punjab,Furniture,Desk,2,22538.62,5,21411.69,3712.11,Net Banking,N. Gupta
ORD-11306,1418,2025-06-08 01:18:14,Customer 321,East,Bihar,Office Supplies,Notebook,3,810.79,0,810.79,92.55,Credit Card,N. Gupta
ORD-11013,1191,2025-06-08 03:21:45,Customer 447,West,Rajasthan,Electronics,Monitor,4,73562.53,20,58850.02,14366.77,UPI,A. Kumar
ORD-11499,1215,2025-06-08 04:04:18,Customer 229,West,Gujarat,Electronics,Monitor,3,50001.06,5,47501.01,10067.36,UPI,R. Singh
ORD-11179,1310,2025-06-08 06:47:26,Customer 175,West,Maharashtra,Furniture,Table,1,10457.75,15,8889.09,2022.26,Credit Card,A. Kumar
ORD-11822,1277,2025-06-08 14:19:44,Customer 93,East,Odisha,Office Supplies,Stapler,3,1091.39,5,1036.82,133.37,Debit Card,S. Verma
ORD-11199,1413,2025-06-08 16:31:27,Customer 287,East,Jharkhand,Electronics,Headphones,2,11112.29,5,10556.68,1002.38,Credit Card,S. Verma
ORD-10914,1150,2025-06-08 21:23:15,Customer 162,Central,Chhattisgarh,Office Supplies,File Folder,1,182.3,15,154.96,33.85,Cash,R. Singh
ORD-11735,1371,2025-06-08 22:37:41,Customer 67,West,Goa,Furniture,Sofa,1,27033.19,10,24329.87,4463.16,Net Banking,P. Sharma
ORD-11944,1207,2025-06-09 09:43:18,Customer 366,South,Karnataka,Electronics,Headphones,1,4687.95,15,3984.76,699.11,Cash,P. Sharma
ORD-10538,1129,2025-06-09 12:25:50,Customer 288,South,Tamil Nadu,Office Supplies,Notebook,1,333.89,15,283.81,23.36,Cash,A. Kumar
ORD-11535,1025,2025-06-09 20:51:00,Customer 33,East,Odisha,Accessories,USB Hub,1,1182.51,5,1123.38,153.98,UPI,K. Yadav
ORD-11420,1313,2025-06-09 22:49:45,Customer 293,West,Goa,Furniture,Bookshelf,1,7870.46,5,7476.94,1799.18,Net Banking,S. Verma
ORD-11496,1142,2025-06-09 23:52:45,Customer 322,West,Maharashtra,Electronics,Smartphone,4,120981.15,0,120981.15,20013.96,Net Banking,R. Singh
ORD-11039,1287,2025-06-10 05:42:25,Customer 368,North,Uttar Pradesh,Office Supplies,Printer,2,33551.05,5,31873.5,2593.4,Cash,A. Kumar
ORD-10263,1401,2025-06-10 12:38:46,Customer 218,South,Kerala,Accessories,Webcam,1,3480.15,15,2958.13,576.17,Net Banking,A. Kumar
ORD-11969,1391,2025-06-10 14:08:37,Customer 137,East,Bihar,Electronics,Tablet,5,117540.78,10,105786.7,20197.51,Debit Card,R. Singh
ORD-11546,1048,2025-06-11 06:02:38,Customer 169,East,Jharkhand,Accessories,Keyboard,4,7732.48,10,6959.23,1377.15,Credit Card,K. Yadav
ORD-10788,1288,2025-06-11 10:48:11,Customer 202,North,Haryana,Electronics,Smartphone,2,54138.01,10,48724.21,6518.51,Credit Card,P. Sharma
ORD-10928,1424,2025-06-11 20:24:37,Customer 276,North,Uttar Pradesh,Electronics,Monitor,4,68823.5,0,68823.5,14836.83,Debit Card,S. Verma
ORD-11126,1111,2025-06-12 00:53:51,Customer 266,Central,Chhattisgarh,Electronics,Monitor,2,38723.64,15,32915.09,4127.56,Debit Card,A. Kumar
ORD-10948,1340,2025-06-12 05:33:35,Customer 252,West,Rajasthan,Furniture,Office Chair,3,31046.6,5,29494.27,5248.03,Credit Card,K. Yadav
ORD-10425,1026,2025-06-12 12:33:28,Customer 54,South,Kerala,Furniture,Office Chair,5,41855.03,10,37669.53,9220.92,Net Banking,R. Singh
ORD-11152,1394,2025-06-12 15:46:37,Customer 173,North,Haryana,Furniture,Table,3,31066.53,15,26406.55,5145.37,Cash,N. Gupta
ORD-10122,1021,2025-06-12 18:38:38,Customer 464,South,Kerala,Office Supplies,Pen Set,3,837.76,20,670.21,57.18,Net Banking,R. Singh
ORD-10277,1411,2025-06-12 20:11:13,Customer 15,North,Uttar Pradesh,Electronics,Monitor,1,18214.53,0,18214.53,4423.38,Net Banking,P. Sharma
ORD-11860,1399,2025-06-13 03:03:53,Customer 39,West,Maharashtra,Electronics,Laptop,5,330149.91,10,297134.92,66982.97,Debit Card,A. Kumar
ORD-11463,1198,2025-06-13 04:25:01,Customer 311,East,West Bengal,Electronics,Laptop,1,70978.99,15,60332.14,12815.26,Credit Card,K. Yadav
ORD-10469,1416,2025-06-13 09:08:15,Customer 222,East,Bihar,Accessories,Webcam,5,17054.94,15,14496.7,2128.56,Cash,A. Kumar
ORD-10672,1168,2025-06-14 00:51:56,Customer 452,North,Uttar Pradesh,Furniture,Office Chair,1,10192.32,10,9173.09,1765.35,UPI,A. Kumar
ORD-11408,1438,2025-06-14 07:55:38,Customer 73,Central,Madhya Pradesh,Electronics,Smartphone,5,151846.39,10,136661.75,23754.98,Debit Card,S. Verma
ORD-11692,1038,2025-06-14 10:49:24,Customer 28,South,Kerala,Office Supplies,Stapler,4,1704.73,0,1704.73,241.3,Net Banking,N. Gupta
ORD-11361,1051,2025-06-14 15:39:54,Customer 144,North,Uttar Pradesh,Electronics,Monitor,3,53944.8,10,48550.32,8937.39,Cash,R. Singh
ORD-10231,1037,2025-06-14 15:43:44,Customer 41,South,Kerala,Office Supplies,Printer,2,29201.17,15,24820.99,3660.91,UPI,N. Gupta
ORD-10767,1193,2025-06-14 16:29:04,Customer 268,North,Punjab,Furniture,Desk,5,67357.04,10,60621.34,13216.94,Cash,N. Gupta
ORD-10757,1342,2025-06-14 19:22:39,Customer 474,South,Karnataka,Furniture,Office Chair,5,45557.99,5,43280.09,7199.32,Debit Card,N. Gupta
ORD-10432,1390,2025-06-14 20:12:53,Customer 44,South,Tamil Nadu,Electronics,Headphones,1,4903.87,20,3923.1,531.06,Debit Card,N. Gupta
ORD-10961,1258,2025-06-15 01:11:28,Customer 479,South,Tamil Nadu,Furniture,Sofa,1,27654.52,10,24889.07,2424.37,Cash,K. Yadav
ORD-11198,1428,2025-06-15 05:36:39,Customer 117,North,Delhi,Accessories,USB Hub,4,5311.51,5,5045.93,637.38,Credit Card,N. Gupta
ORD-11593,1050,2025-06-15 09:42:27,Customer 119,South,Telangana,Electronics,Headphones,1,5282.21,5,5018.1,609.3,Cash,N. Gupta
ORD-11351,1065,2025-06-15 16:31:56,Customer 117,West,Maharashtra,Electronics,Tablet,5,126490.92,5,120166.37,17519.04,UPI,S. Verma
ORD-10101,1270,2025-06-15 18:54:06,Customer 117,North,Delhi,Office Supplies,Notebook,1,283.54,10,255.19,60.13,UPI,R. Singh
ORD-11809,1180,2025-06-15 20:09:11,Customer 381,West,Gujarat,Accessories,Backpack,2,5100.5,0,5100.5,1135.93,Debit Card,N. Gupta
ORD-11161,1014,2025-06-15 21:20:34,Customer 156,East,Bihar,Electronics,Tablet,2,46718.76,15,39710.95,7766.36,Credit Card,K. Yadav
ORD-10314,1314,2025-06-16 07:39:12,Customer 331,North,Delhi,Electronics,Tablet,2,40287.79,10,36259.01,7417.31,Credit Card,K. Yadav
ORD-10013,1411,2025-06-16 10:55:04,Customer 318,North,Delhi,Electronics,Laptop,4,256916.98,5,244071.13,26357.61,Net Banking,A. Kumar
ORD-11202,1259,2025-06-16 11:51:32,Customer 457,Central,Madhya Pradesh,Office Supplies,Stapler,3,1112.15,5,1056.54,190.36,Cash,S. Verma
ORD-10755,1009,2025-06-16 15:47:36,Customer 473,North,Haryana,Electronics,Laptop,5,356609.55,5,338779.07,50407.32,UPI,P. Sharma
ORD-11194,1435,2025-06-17 01:19:14,Customer 76,South,Kerala,Electronics,Smartphone,5,160543.97,10,144489.57,28795.94,Cash,K. Yadav
ORD-11246,1267,2025-06-17 03:44:23,Customer 88,Central,Chhattisgarh,Office Supplies,Printer,2,30440.76,10,27396.68,3436.88,Credit Card,N. Gupta
ORD-11041,1100,2025-06-18 12:37:35,Customer 124,East,Bihar,Office Supplies,Printer,1,14738.93,10,13265.04,1841.85,Net Banking,S. Verma
ORD-10858,1382,2025-06-18 17:13:20,Customer 277,West,Rajasthan,Furniture,Sofa,5,115490.32,15,98166.77,9372.59,Credit Card,S. Verma
ORD-10726,1167,2025-06-18 19:19:26,Customer 207,South,Telangana,Office Supplies,Stapler,2,859.08,15,730.22,65.37,Credit Card,A. Kumar
ORD-11943,1049,2025-06-18 21:24:15,Customer 435,North,Punjab,Electronics,Headphones,5,23882.68,5,22688.55,2372.66,Debit Card,S. Verma
ORD-11501,1203,2025-06-18 22:15:00,Customer 152,North,Haryana,Electronics,Headphones,3,15547.7,15,13215.54,1439.4,UPI,A. Kumar
ORD-11726,1107,2025-06-18 23:11:10,Customer 417,Central,Madhya Pradesh,Electronics,Tablet,2,40601.73,10,36541.56,6723.48,Debit Card,R. Singh
ORD-11955,1348,2025-06-19 02:13:47,Customer 264,Central,Chhattisgarh,Accessories,USB Hub,3,3412.19,5,3241.58,583.94,Debit Card,P. Sharma
ORD-11181,1005,2025-06-19 19:45:55,Customer 176,West,Maharashtra,Furniture,Desk,2,22927.33,20,18341.86,2421.51,Net Banking,P. Sharma
ORD-10150,1304,2025-06-19 21:04:01,Customer 454,East,Jharkhand,Office Supplies,Notebook,2,609.52,5,579.04,131.31,Cash,N. Gupta
ORD-10728,1347,2025-06-20 04:52:01,Customer 500,Central,Madhya Pradesh,Electronics,Laptop,5,319050.31,10,287145.28,26859.9,Credit Card,N. Gupta
ORD-10798,1221,2025-06-20 15:17:43,Customer 244,East,Odisha,Furniture,Desk,4,55196.9,5,52437.06,10999.32,Cash,N. Gupta
ORD-11530,1107,2025-06-20 17:32:26,Customer 395,North,Punjab,Electronics,Monitor,1,20536.95,15,17456.41,3913.11,UPI,P. Sharma
ORD-11236,1182,2025-06-20 22:48:11,Customer 353,West,Goa,Office Supplies,Notebook,5,1368.4,0,1368.4,139.38,Debit Card,S. Verma
ORD-11623,1125,2025-06-21 05:51:59,Customer 391,West,Gujarat,Furniture,Table,1,9140.52,10,8226.47,1727.48,Credit Card,K. Yadav
ORD-10967,1173,2025-06-21 07:04:07,Customer 275,Central,Madhya Pradesh,Furniture,Bookshelf,3,22025.62,15,18721.78,1649.19,Net Banking,P. Sharma
ORD-10616,1323,2025-06-21 09:32:36,Customer 423,East,West Bengal,Office Supplies,Notebook,2,633.76,15,538.7,96.19,Cash,R. Singh
ORD-11066,1320,2025-06-21 10:04:01,Customer 345,East,West Bengal,Electronics,Tablet,4,90448.51,15,76881.23,17577.39,Debit Card,S. Verma
ORD-11513,1420,2025-06-21 16:46:40,Customer 390,North,Haryana,Furniture,Table,2,22414.03,0,22414.03,3390.07,Debit Card,K. Yadav
ORD-11571,1283,2025-06-22 10:02:23,Customer 24,East,Odisha,Electronics,Tablet,2,45435.09,0,45435.09,5838.17,Credit Card,R. Singh
ORD-10243,1399,2025-06-22 19:16:04,Customer 30,West,Gujarat,Electronics,Tablet,3,62040.41,0,62040.41,12938.92,Credit Card,N. Gupta
ORD-10502,1069,2025-06-22 22:45:42,Customer 181,West,Rajasthan,Accessories,Backpack,3,8025.72,5,7624.43,1682.75,Net Banking,A. Kumar
ORD-10363,1045,2025-06-23 01:38:06,Customer 426,West,Maharashtra,Electronics,Headphones,2,10304.88,10,9274.39,1927.08,Credit Card,A. Kumar
ORD-10055,1112,2025-06-23 03:56:46,Customer 303,East,Bihar,Electronics,Laptop,4,270460.97,15,229891.82,34160.11,Net Banking,N. Gupta
ORD-11398,1091,2025-06-23 04:49:37,Customer 395,East,Jharkhand,Office Supplies,Printer,4,60440.14,15,51374.12,5426.37,UPI,N. Gupta
ORD-10417,1247,2025-06-23 05:37:04,Customer 212,Central,Madhya Pradesh,Furniture,Office Chair,2,18932.11,5,17985.5,2173.56,Cash,R. Singh
ORD-11596,1340,2025-06-23 17:30:32,Customer 105,West,Goa,Accessories,Webcam,1,3505.54,0,3505.54,501.49,Credit Card,R. Singh
ORD-11090,1402,2025-06-24 04:18:52,Customer 480,South,Telangana,Electronics,Laptop,1,65527.27,15,55698.18,6314.44,Credit Card,P. Sharma
ORD-11392,1008,2025-06-24 07:02:28,Customer 362,West,Maharashtra,Accessories,Webcam,3,10724.72,10,9652.25,1846.28,Cash,A. Kumar
ORD-10408,1296,2025-06-24 08:05:52,Customer 333,South,Telangana,Electronics,Monitor,4,78634.46,5,74702.74,14768.75,UPI,K. Yadav
ORD-10945,1356,2025-06-24 18:47:16,Customer 343,East,Bihar,Furniture,Office Chair,2,16256.68,0,16256.68,2121.6,Cash,A. Kumar
ORD-10736,1117,2025-06-24 20:33:46,Customer 368,West,Gujarat,Office Supplies,Printer,5,69903.47,0,69903.47,12954.97,Debit Card,R. Singh
ORD-11698,1039,2025-06-25 00:23:01,Customer 206,South,Kerala,Accessories,Mouse,4,4120.4,10,3708.36,399.27,Debit Card,N. Gupta
ORD-10221,1201,2025-06-25 03:35:55,Customer 468,East,Jharkhand,Electronics,Smartphone,1,29191.64,15,24812.89,5165.39,Net Banking,K. Yadav
ORD-11999,1282,2025-06-25 04:13:57,Customer 379,West,Maharashtra,Furniture,Table,5,48364.42,15,41109.76,4957.5,Cash,K. Yadav
ORD-10825,1227,2025-06-25 07:04:56,Customer 234,Central,Chhattisgarh,Accessories,Backpack,2,4622.02,15,3928.72,547.99,Debit Card,R. Singh
ORD-11691,1327,2025-06-25 09:25:15,Customer 74,West,Maharashtra,Furniture,Bookshelf,5,33981.53,10,30583.38,6979.5,Net Banking,S. Verma
ORD-10886,1215,2025-06-25 12:21:09,Customer 294,Central,Madhya Pradesh,Furniture,Bookshelf,5,36989.02,5,35139.57,8593.86,Credit Card,R. Singh
ORD-11131,1007,2025-06-25 19:59:57,Customer 242,West,Rajasthan,Electronics,Tablet,5,110997.58,0,110997.58,13495.55,Credit Card,R. Singh
ORD-11369,1028,2025-06-25 21:18:39,Customer 96,East,Jharkhand,Office Supplies,Stapler,2,787.51,10,708.76,137.99,Net Banking,P. Sharma
ORD-10897,1390,2025-06-25 22:27:10,Customer 294,South,Kerala,Furniture,Office Chair,4,33374.6,10,30037.14,6115.79,Credit Card,K. Yadav
ORD-11782,1436,2025-06-26 01:45:25,Customer 76,Central,Madhya Pradesh,Furniture,Bookshelf,1,6913.24,20,5530.59,972.51,Debit Card,S. Verma
ORD-11569,1337,2025-06-26 09:46:48,Customer 9,South,Tamil Nadu,Office Supplies,Pen Set,2,527.04,10,474.34,53.89,Net Banking,R. Singh
ORD-10126,1344,2025-06-26 22:20:55,Customer 395,West,Goa,Furniture,Office Chair,4,32977.88,10,29680.09,3731.64,Net Banking,A. Kumar
ORD-10068,1324,2025-06-27 00:57:54,Customer 212,North,Uttar Pradesh,Furniture,Desk,3,39947.24,5,37949.88,9280.98,UPI,S. Verma
ORD-10162,1258,2025-06-27 10:18:13,Customer 209,South,Kerala,Furniture,Table,2,19665.01,10,17698.51,4406.99,Debit Card,P. Sharma
ORD-10004,1367,2025-06-27 18:21:47,Customer 455,West,Maharashtra,Accessories,Mouse,2,1757.08,0,1757.08,344.95,Cash,N. Gupta
ORD-10447,1028,2025-06-28 00:21:03,Customer 419,South,Kerala,Electronics,Tablet,5,116011.78,10,104410.6,9403.23,Cash,N. Gupta
ORD-11456,1398,2025-06-28 02:15:26,Customer 448,East,West Bengal,Furniture,Bookshelf,3,22672.66,10,20405.39,2126.62,UPI,R. Singh
ORD-11990,1238,2025-06-28 04:14:37,Customer 83,South,Tamil Nadu,Office Supplies,Stapler,4,1720.39,0,1720.39,183.73,Net Banking,K. Yadav
ORD-10549,1227,2025-06-28 13:50:51,Customer 442,West,Gujarat,Electronics,Tablet,3,72043.05,5,68440.9,14918.51,Cash,N. Gupta
ORD-10591,1070,2025-06-28 22:31:41,Customer 150,South,Telangana,Furniture,Office Chair,4,34130.84,10,30717.76,3741.09,Credit Card,S. Verma
ORD-11675,1223,2025-06-29 05:57:48,Customer 5,East,West Bengal,Office Supplies,Pen Set,4,993.55,10,894.19,187.45,UPI,S. Verma
ORD-11570,1039,2025-06-29 15:45:16,Customer 315,North,Uttar Pradesh,Accessories,Backpack,3,7857.09,5,7464.24,1848.05,Debit Card,A. Kumar
ORD-11338,1309,2025-06-29 18:32:19,Customer 337,South,Telangana,Electronics,Monitor,2,38402.73,10,34562.46,8253.18,UPI,K. Yadav
ORD-11654,1431,2025-06-30 02:53:57,Customer 136,South,Kerala,Furniture,Sofa,2,50887.86,10,45799.07,8513.54,UPI,P. Sharma
ORD-11564,1112,2025-06-30 06:43:31,Customer 269,South,Kerala,Furniture,Sofa,4,113169.72,10,101852.75,22727.56,Debit Card,P. Sharma
ORD-10668,1082,2025-06-30 10:50:40,Customer 286,East,Odisha,Furniture,Table,5,54459.87,5,51736.88,10686.52,UPI,K. Yadav
ORD-11587,1386,2025-06-30 11:34:25,Customer 103,East,Bihar,Office Supplies,Notebook,1,281.24,10,253.12,27.86,UPI,S. Verma
ORD-11733,1113,2025-06-30 13:08:01,Customer 461,West,Maharashtra,Furniture,Table,4,36367.89,15,30912.71,3147.02,UPI,S. Verma
ORD-11974,1167,2025-06-30 13:13:51,Customer 145,North,Delhi,Office Supplies,Notebook,4,1366.07,15,1161.16,144.32,Credit Card,K. Yadav
ORD-10727,1337,2025-06-30 13:41:55,Customer 56,West,Maharashtra,Furniture,Bookshelf,2,15852.93,10,14267.64,2099.35,Credit Card,N. Gupta
ORD-10984,1321,2025-06-30 14:18:53,Customer 201,North,Uttar Pradesh,Office Supplies,Stapler,1,453.4,5,430.73,44.4,Cash,P. Sharma
ORD-11114,1207,2025-06-30 15:41:16,Customer 67,Central,Chhattisgarh,Electronics,Monitor,4,65628.81,5,62347.37,15261.63,Debit Card,R. Singh
ORD-10396,1272,2025-06-30 19:33:04,Customer 243,Central,Madhya Pradesh,Electronics,Smartphone,4,109077.91,15,92716.22,10785.56,Credit Card,R. Singh
ORD-11275,1025,2025-06-30 21:27:24,Customer 41,South,Karnataka,Electronics,Tablet,5,119453.6,10,107508.24,9668.57,Net Banking,S. Verma
ORD-10415,1109,2025-06-30 22:50:02,Customer 372,Central,Madhya Pradesh,Electronics,Monitor,1,19941.83,15,16950.56,3228.47,Debit Card,K. Yadav
ORD-11204,1244,2025-07-01 02:11:16,Customer 95,West,Rajasthan,Office Supplies,Printer,2,30965.14,15,26320.37,4024.06,Debit Card,N. Gupta
ORD-10551,1200,2025-07-01 03:01:50,Customer 75,East,Jharkhand,Electronics,Tablet,5,114655.89,10,103190.3,17355.28,Net Banking,N. Gupta
ORD-11360,1342,2025-07-01 11:26:44,Customer 154,Central,Chhattisgarh,Furniture,Bookshelf,4,25435.27,5,24163.51,4332.7,Cash,R. Singh
ORD-11852,1393,2025-07-01 16:01:19,Customer 260,North,Punjab,Electronics,Smartphone,1,32692.92,15,27788.98,5060.97,Credit Card,A. Kumar
ORD-11282,1290,2025-07-02 00:51:17,Customer 365,Central,Madhya Pradesh,Furniture,Office Chair,3,28991.52,10,26092.37,5152.79,UPI,K. Yadav
ORD-11446,1232,2025-07-02 09:12:15,Customer 66,South,Tamil Nadu,Electronics,Monitor,4,71005.68,10,63905.11,7116.07,Cash,R. Singh
ORD-11477,1044,2025-07-02 12:11:38,Customer 136,South,Karnataka,Furniture,Office Chair,1,9435.77,15,8020.4,1224.42,Net Banking,K. Yadav
ORD-11609,1130,2025-07-02 18:05:22,Customer 354,West,Goa,Furniture,Office Chair,2,20544.48,10,18490.03,3237.41,Cash,K. Yadav
ORD-10912,1343,2025-07-02 18:31:01,Customer 96,East,Jharkhand,Office Supplies,Notebook,4,1308.99,10,1178.09,135.2,Net Banking,P. Sharma
ORD-10304,1215,2025-07-02 21:58:37,Customer 215,East,Odisha,Electronics,Smartphone,4,137461.49,15,116842.27,23916.77,Debit Card,K. Yadav
ORD-10343,1438,2025-07-02 23:14:18,Customer 414,East,Bihar,Electronics,Headphones,5,23313.0,0,23313.0,3293.49,Cash,N. Gupta
ORD-10907,1112,2025-07-02 23:27:56,Customer 199,West,Goa,Electronics,Tablet,1,22592.0,15,19203.2,2737.89,Credit Card,S. Verma
ORD-10477,1193,2025-07-03 10:21:55,Customer 494,South,Karnataka,Furniture,Bookshelf,2,16054.14,15,13646.02,1668.4,UPI,S. Verma
ORD-11568,1056,2025-07-03 11:08:01,Customer 409,Central,Madhya Pradesh,Accessories,Backpack,1,2485.23,5,2360.97,232.88,Cash,S. Verma
ORD-11882,1181,2025-07-03 11:34:40,Customer 351,Central,Chhattisgarh,Electronics,Smartphone,3,100893.84,15,85759.76,15985.73,UPI,R. Singh
ORD-11335,1298,2025-07-03 22:56:34,Customer 422,South,Telangana,Office Supplies,Notebook,1,320.53,15,272.45,37.89,Debit Card,R. Singh
ORD-10578,1185,2025-07-04 01:08:44,Customer 381,North,Delhi,Accessories,Keyboard,1,1733.78,0,1733.78,217.69,Credit Card,K. Yadav
ORD-11917,1245,2025-07-04 06:54:33,Customer 31,West,Rajasthan,Office Supplies,Pen Set,3,746.27,5,708.96,112.63,Net Banking,K. Yadav
ORD-11337,1442,2025-07-04 18:18:15,Customer 195,South,Karnataka,Furniture,Bookshelf,1,6377.61,5,6058.73,1184.48,Net Banking,R. Singh
ORD-11372,1130,2025-07-04 21:34:02,Customer 81,North,Uttar Pradesh,Accessories,Mouse,2,1900.04,0,1900.04,437.96,Credit Card,R. Singh
ORD-11178,1015,2025-07-04 23:03:13,Customer 487,East,Jharkhand,Furniture,Office Chair,3,31012.41,0,31012.41,3336.51,UPI,S. Verma
ORD-10957,1058,2025-07-05 05:05:01,Customer 180,Central,Chhattisgarh,Furniture,Sofa,4,92361.56,20,73889.25,17832.56,Net Banking,N. Gupta
ORD-10311,1288,2025-07-05 10:29:25,Customer 176,North,Delhi,Furniture,Office Chair,2,17995.66,15,15296.31,1713.98,UPI,P. Sharma
ORD-11942,1132,2025-07-05 20:36:17,Customer 120,North,Punjab,Accessories,Backpack,2,4572.69,15,3886.79,793.58,Cash,R. Singh
ORD-11165,1447,2025-07-05 22:02:25,Customer 480,West,Goa,Office Supplies,Printer,3,42946.45,15,36504.48,4825.53,UPI,A. Kumar
ORD-11633,1167,2025-07-05 23:07:02,Customer 41,North,Haryana,Office Supplies,Printer,2,29349.93,10,26414.94,3855.21,Cash,N. Gupta
ORD-10827,1293,2025-07-06 02:25:40,Customer 485,South,Kerala,Office Supplies,Notebook,2,601.76,5,571.67,110.79,Debit Card,R. Singh
ORD-10428,1437,2025-07-06 05:31:39,Customer 418,South,Karnataka,Electronics,Headphones,2,10003.65,5,9503.47,965.17,Cash,A. Kumar
ORD-10765,1237,2025-07-06 06:35:40,Customer 407,North,Punjab,Electronics,Tablet,5,117352.16,0,117352.16,15904.24,Debit Card,K. Yadav
ORD-10981,1290,2025-07-06 11:40:40,Customer 117,East,Bihar,Office Supplies,File Folder,4,696.07,10,626.46,137.73,Debit Card,R. Singh
ORD-10769,1353,2025-07-06 13:29:00,Customer 261,Central,Madhya Pradesh,Office Supplies,File Folder,3,619.15,10,557.23,133.08,Net Banking,A. Kumar
ORD-10330,1413,2025-07-06 15:31:30,Customer 147,North,Delhi,Office Supplies,Printer,3,41933.1,5,39836.44,6786.86,Credit Card,A. Kumar
ORD-11062,1071,2025-07-06 19:33:27,Customer 457,Central,Chhattisgarh,Accessories,USB Hub,4,4472.85,15,3801.92,569.04,Credit Card,A. Kumar
ORD-10299,1189,2025-07-07 03:01:10,Customer 388,South,Tamil Nadu,Electronics,Monitor,3,48754.14,10,43878.73,10747.82,Debit Card,N. Gupta
ORD-10409,1162,2025-07-07 03:42:23,Customer 474,South,Kerala,Electronics,Headphones,1,5561.81,0,5561.81,1139.09,UPI,P. Sharma
ORD-10511,1084,2025-07-07 05:01:22,Customer 435,Central,Madhya Pradesh,Electronics,Laptop,5,312884.84,0,312884.84,45948.53,Credit Card,N. Gupta
ORD-10648,1290,2025-07-07 07:38:11,Customer 357,East,West Bengal,Office Supplies,Notebook,3,955.69,20,764.55,153.96,UPI,K. Yadav
ORD-11845,1024,2025-07-07 10:10:27,Customer 416,South,Karnataka,Electronics,Monitor,3,50808.14,0,50808.14,11445.34,Debit Card,N. Gupta
ORD-11177,1116,2025-07-07 11:10:20,Customer 25,East,Odisha,Furniture,Table,5,50940.34,10,45846.31,9190.28,Net Banking,K. Yadav
ORD-11208,1259,2025-07-07 13:07:04,Customer 74,Central,Madhya Pradesh,Office Supplies,Pen Set,3,789.45,10,710.51,176.83,Net Banking,P. Sharma
ORD-10687,1179,2025-07-07 17:14:24,Customer 326,Central,Madhya Pradesh,Furniture,Sofa,2,50398.98,5,47879.03,9445.1,Net Banking,R. Singh
ORD-10416,1288,2025-07-07 20:58:52,Customer 251,East,West Bengal,Electronics,Tablet,1,22848.96,0,22848.96,2185.66,Cash,R. Singh
ORD-10253,1054,2025-07-08 08:04:25,Customer 298,Central,Madhya Pradesh,Accessories,Backpack,2,5096.05,10,4586.45,930.41,Net Banking,S. Verma
ORD-11792,1395,2025-07-09 08:02:30,Customer 286,Central,Chhattisgarh,Electronics,Laptop,3,183453.07,5,174280.42,41055.94,UPI,S. Verma
ORD-10809,1016,2025-07-09 10:36:00,Customer 340,West,Gujarat,Furniture,Table,5,46914.19,0,46914.19,5651.96,Credit Card,P. Sharma
ORD-11950,1313,2025-07-09 12:00:07,Customer 470,East,Jharkhand,Office Supplies,Printer,5,80814.45,15,68692.28,11496.6,Credit Card,S. Verma
ORD-11645,1302,2025-07-09 13:40:18,Customer 353,North,Haryana,Office Supplies,Printer,1,15039.36,0,15039.36,3484.66,Debit Card,N. Gupta
ORD-11296,1308,2025-07-09 18:48:55,Customer 145,Central,Chhattisgarh,Accessories,USB Hub,4,4800.47,0,4800.47,486.29,UPI,K. Yadav
ORD-11862,1109,2025-07-09 20:15:35,Customer 354,East,Bihar,Office Supplies,Stapler,1,441.46,15,375.24,53.01,Debit Card,A. Kumar
ORD-11621,1180,2025-07-09 22:58:01,Customer 204,West,Gujarat,Office Supplies,Stapler,4,1665.53,5,1582.25,356.87,Cash,A. Kumar
ORD-10795,1197,2025-07-10 00:37:42,Customer 109,West,Rajasthan,Accessories,Webcam,5,19129.79,5,18173.3,3992.79,Cash,K. Yadav
ORD-10696,1143,2025-07-10 00:52:47,Customer 33,Central,Chhattisgarh,Furniture,Table,2,20964.91,10,18868.42,1524.59,UPI,K. Yadav
ORD-11755,1261,2025-07-10 02:24:42,Customer 141,North,Uttar Pradesh,Electronics,Headphones,5,25907.57,10,23316.81,5596.21,Debit Card,A. Kumar
ORD-11865,1434,2025-07-10 04:59:14,Customer 460,West,Rajasthan,Electronics,Headphones,3,14719.59,0,14719.59,1717.71,Net Banking,N. Gupta
ORD-11981,1085,2025-07-10 11:35:21,Customer 194,Central,Chhattisgarh,Furniture,Office Chair,4,35199.18,5,33439.22,4497.09,Net Banking,A. Kumar
ORD-10207,1448,2025-07-10 21:16:15,Customer 391,Central,Madhya Pradesh,Furniture,Sofa,3,76110.75,0,76110.75,16262.38,Net Banking,S. Verma
ORD-10220,1328,2025-07-11 07:41:49,Customer 35,North,Uttar Pradesh,Office Supplies,Pen Set,3,748.08,5,710.68,84.25,Debit Card,K. Yadav
ORD-11014,1148,2025-07-11 13:34:13,Customer 495,North,Punjab,Electronics,Monitor,2,36799.01,10,33119.11,3839.12,Cash,A. Kumar
ORD-11294,1121,2025-07-12 00:10:01,Customer 320,Central,Madhya Pradesh,Electronics,Smartphone,1,33479.0,10,30131.1,5352.9,Cash,A. Kumar
ORD-11099,1348,2025-07-12 03:52:32,Customer 443,South,Kerala,Accessories,USB Hub,4,4976.3,5,4727.48,404.42,Net Banking,P. Sharma
ORD-11001,1059,2025-07-12 05:13:37,Customer 15,Central,Madhya Pradesh,Furniture,Desk,5,58556.0,5,55628.2,9820.09,UPI,N. Gupta
ORD-10374,1404,2025-07-12 06:48:31,Customer 360,Central,Madhya Pradesh,Accessories,Webcam,2,6308.8,0,6308.8,1475.06,Credit Card,R. Singh
ORD-11070,1346,2025-07-12 12:54:17,Customer 10,West,Maharashtra,Office Supplies,Stapler,4,1656.38,5,1573.56,321.33,UPI,N. Gupta
ORD-11457,1135,2025-07-12 15:32:29,Customer 254,Central,Madhya Pradesh,Office Supplies,File Folder,5,885.34,15,752.54,143.83,Credit Card,R. Singh
ORD-11270,1128,2025-07-13 04:05:18,Customer 294,West,Gujarat,Office Supplies,Printer,5,73523.53,0,73523.53,6779.4,UPI,N. Gupta
ORD-11819,1376,2025-07-13 04:20:32,Customer 384,West,Gujarat,Electronics,Headphones,5,25203.53,5,23943.35,3213.61,UPI,A. Kumar
ORD-11531,1065,2025-07-13 04:42:26,Customer 202,Central,Chhattisgarh,Office Supplies,Printer,1,14791.38,10,13312.24,1953.25,Cash,S. Verma
ORD-11262,1447,2025-07-13 04:54:49,Customer 402,East,Bihar,Electronics,Tablet,5,118713.02,15,100906.07,19028.75,Credit Card,P. Sharma
ORD-10109,1262,2025-07-13 14:32:36,Customer 261,Central,Chhattisgarh,Electronics,Smartphone,1,28653.65,5,27220.97,5785.26,UPI,A. Kumar
ORD-10295,1324,2025-07-13 16:15:43,Customer 436,South,Telangana,Electronics,Laptop,1,73973.6,0,73973.6,9254.5,UPI,R. Singh
ORD-10895,1234,2025-07-13 17:59:27,Customer 104,Central,Chhattisgarh,Electronics,Smartphone,2,64984.36,15,55236.71,12611.57,UPI,A. Kumar
ORD-11961,1154,2025-07-13 20:31:06,Customer 138,East,Bihar,Accessories,Backpack,2,5263.09,10,4736.78,1092.07,Debit Card,K. Yadav
ORD-10301,1376,2025-07-14 09:44:53,Customer 371,West,Goa,Electronics,Smartphone,1,28179.55,5,26770.57,3461.64,UPI,N. Gupta
ORD-11133,1425,2025-07-14 13:18:45,Customer 65,South,Telangana,Electronics,Smartphone,5,135419.97,10,121877.97,12481.79,Credit Card,S. Verma
ORD-10759,1097,2025-07-14 19:03:46,Customer 149,North,Uttar Pradesh,Electronics,Monitor,3,61189.24,10,55070.32,10307.85,UPI,A. Kumar
ORD-10421,1240,2025-07-14 21:50:30,Customer 435,South,Karnataka,Electronics,Smartphone,3,87251.52,15,74163.79,14152.17,Cash,K. Yadav
ORD-10603,1372,2025-07-14 22:38:03,Customer 205,East,Jharkhand,Accessories,Backpack,1,2332.79,10,2099.51,362.93,Net Banking,P. Sharma
ORD-11567,1111,2025-07-15 01:49:30,Customer 338,South,Karnataka,Electronics,Monitor,1,16317.13,5,15501.27,3280.26,Debit Card,A. Kumar
ORD-10592,1251,2025-07-15 05:47:52,Customer 79,East,Odisha,Furniture,Desk,1,12668.86,10,11401.97,2420.15,Cash,P. Sharma
ORD-10611,1255,2025-07-15 12:56:25,Customer 31,Central,Chhattisgarh,Accessories,Backpack,2,5522.88,10,4970.59,552.76,Debit Card,N. Gupta
ORD-10917,1068,2025-07-16 00:44:52,Customer 188,North,Uttar Pradesh,Accessories,Mouse,3,2895.25,15,2460.96,301.47,Cash,P. Sharma
ORD-10882,1029,2025-07-16 01:00:02,Customer 303,Central,Madhya Pradesh,Electronics,Monitor,2,39707.83,5,37722.44,4066.64,Net Banking,P. Sharma
ORD-10952,1152,2025-07-16 04:15:23,Customer 266,East,Jharkhand,Office Supplies,Pen Set,1,242.5,0,242.5,24.03,UPI,N. Gupta
ORD-10848,1055,2025-07-16 06:09:16,Customer 457,Central,Chhattisgarh,Office Supplies,Printer,2,32051.38,0,32051.38,6350.0,UPI,P. Sharma
ORD-11681,1107,2025-07-16 06:43:29,Customer 252,East,Odisha,Furniture,Sofa,1,24927.73,10,22434.96,2075.35,Net Banking,A. Kumar
ORD-11252,1312,2025-07-16 20:15:15,Customer 190,West,Goa,Office Supplies,Notebook,3,999.0,10,899.1,121.36,Credit Card,P. Sharma
ORD-11534,1113,2025-07-17 00:02:43,Customer 266,West,Maharashtra,Office Supplies,Printer,1,14928.55,10,13435.69,2182.88,UPI,S. Verma
ORD-10274,1434,2025-07-17 03:49:30,Customer 143,West,Rajasthan,Office Supplies,Stapler,2,918.04,5,872.14,148.46,Cash,K. Yadav
ORD-10608,1344,2025-07-17 06:48:52,Customer 11,North,Haryana,Electronics,Tablet,5,113513.46,10,102162.11,25164.19,Debit Card,P. Sharma
ORD-10266,1016,2025-07-17 13:18:00,Customer 329,East,Jharkhand,Electronics,Laptop,5,326340.99,15,277389.84,62290.43,Debit Card,K. Yadav
ORD-11440,1255,2025-07-17 14:32:02,Customer 223,East,Bihar,Office Supplies,Printer,4,68165.28,5,64757.02,8020.48,Cash,N. Gupta
ORD-10196,1260,2025-07-17 18:59:31,Customer 240,East,Jharkhand,Office Supplies,Pen Set,1,283.32,10,254.99,38.66,Debit Card,K. Yadav
ORD-11380,1197,2025-07-17 19:52:07,Customer 296,Central,Madhya Pradesh,Furniture,Office Chair,2,20599.76,15,17509.8,2859.68,Net Banking,S. Verma
ORD-11986,1069,2025-07-18 03:31:35,Customer 280,North,Delhi,Office Supplies,Stapler,1,361.81,10,325.63,53.26,Net Banking,P. Sharma
ORD-11305,1293,2025-07-18 15:51:25,Customer 31,Central,Chhattisgarh,Accessories,Keyboard,3,6156.28,5,5848.47,712.97,Credit Card,P. Sharma
ORD-11076,1123,2025-07-19 01:02:25,Customer 445,West,Rajasthan,Furniture,Desk,2,22986.53,10,20687.88,4777.43,Cash,R. Singh
ORD-11518,1365,2025-07-19 18:29:50,Customer 446,Central,Chhattisgarh,Office Supplies,Printer,1,15026.21,10,13523.59,3307.07,Net Banking,P. Sharma
ORD-10371,1214,2025-07-20 04:36:41,Customer 177,East,West Bengal,Office Supplies,Stapler,2,843.92,10,759.53,126.14,Debit Card,S. Verma
ORD-11274,1070,2025-07-20 05:46:22,Customer 142,South,Kerala,Accessories,Mouse,3,2968.15,10,2671.33,362.78,Credit Card,N. Gupta
ORD-10012,1331,2025-07-20 10:59:11,Customer 348,South,Tamil Nadu,Electronics,Headphones,4,22018.36,5,20917.44,4847.3,UPI,K. Yadav
ORD-10489,1271,2025-07-20 11:32:40,Customer 215,North,Punjab,Furniture,Desk,2,22680.95,0,22680.95,5221.75,Cash,K. Yadav
ORD-11450,1058,2025-07-20 13:00:50,Customer 162,East,Odisha,Electronics,Laptop,3,223926.34,0,223926.34,50737.85,Net Banking,P. Sharma
ORD-10372,1252,2025-07-20 13:10:58,Customer 238,South,Tamil Nadu,Electronics,Laptop,1,64136.9,10,57723.21,12414.05,Debit Card,S. Verma
ORD-11460,1392,2025-07-20 13:53:02,Customer 480,North,Uttar Pradesh,Office Supplies,Stapler,5,2226.18,5,2114.87,289.74,UPI,N. Gupta
ORD-11471,1206,2025-07-20 19:57:58,Customer 407,North,Haryana,Furniture,Bookshelf,2,14989.63,5,14240.15,2493.41,Debit Card,K. Yadav
ORD-11486,1255,2025-07-21 05:34:27,Customer 461,South,Karnataka,Office Supplies,File Folder,1,182.34,10,164.11,35.74,Cash,K. Yadav
ORD-10451,1297,2025-07-21 09:53:09,Customer 331,West,Maharashtra,Accessories,USB Hub,1,1288.21,5,1223.8,164.28,UPI,N. Gupta
ORD-11193,1131,2025-07-21 17:39:15,Customer 4,South,Karnataka,Furniture,Bookshelf,1,7173.62,5,6814.94,887.91,Debit Card,S. Verma
ORD-11729,1092,2025-07-21 22:00:41,Customer 331,Central,Madhya Pradesh,Electronics,Smartphone,3,97900.96,15,83215.82,12161.19,Credit Card,N. Gupta
ORD-11057,1030,2025-07-22 02:04:21,Customer 341,East,Odisha,Electronics,Headphones,2,11161.89,10,10045.7,2023.12,Cash,K. Yadav
ORD-10290,1447,2025-07-22 02:58:04,Customer 164,North,Haryana,Electronics,Tablet,5,111650.07,0,111650.07,24624.08,Credit Card,N. Gupta
ORD-10842,1019,2025-07-22 03:56:02,Customer 228,West,Goa,Electronics,Laptop,4,239862.72,10,215876.45,20559.51,Debit Card,A. Kumar
ORD-10147,1077,2025-07-22 12:43:20,Customer 459,West,Gujarat,Accessories,Keyboard,1,1803.11,15,1532.64,326.46,Cash,P. Sharma
ORD-10308,1406,2025-07-22 17:05:06,Customer 134,North,Uttar Pradesh,Office Supplies,Pen Set,4,923.02,10,830.72,157.07,Debit Card,P. Sharma
ORD-11752,1289,2025-07-23 00:28:56,Customer 259,Central,Chhattisgarh,Office Supplies,File Folder,3,606.45,10,545.81,57.46,Credit Card,S. Verma
ORD-10844,1196,2025-07-23 02:26:58,Customer 300,Central,Chhattisgarh,Accessories,Backpack,5,11457.73,0,11457.73,1935.89,Debit Card,R. Singh
ORD-11713,1120,2025-07-23 06:15:08,Customer 415,North,Haryana,Furniture,Office Chair,5,46124.04,10,41511.64,4295.01,Cash,R. Singh
ORD-11300,1398,2025-07-23 08:21:03,Customer 220,South,Telangana,Electronics,Tablet,5,123293.13,15,104799.16,10407.86,Net Banking,N. Gupta
ORD-10286,1257,2025-07-23 11:04:25,Customer 154,North,Uttar Pradesh,Accessories,Backpack,4,10434.6,10,9391.14,2103.96,Net Banking,S. Verma
ORD-11026,1357,2025-07-23 12:28:39,Customer 477,Central,Chhattisgarh,Furniture,Sofa,1,26908.63,5,25563.2,3274.67,Net Banking,K. Yadav
ORD-10240,1056,2025-07-23 12:42:40,Customer 193,North,Uttar Pradesh,Office Supplies,Printer,2,28251.45,10,25426.31,2650.46,Cash,R. Singh
ORD-10597,1294,2025-07-24 03:09:10,Customer 149,Central,Madhya Pradesh,Office Supplies,Printer,1,13956.02,10,12560.42,2924.49,UPI,A. Kumar
ORD-10185,1213,2025-07-24 04:10:19,Customer 288,South,Kerala,Electronics,Tablet,4,87750.36,5,83362.84,10549.11,Debit Card,K. Yadav
ORD-10141,1404,2025-07-25 00:50:57,Customer 334,Central,Madhya Pradesh,Office Supplies,Stapler,4,1785.69,10,1607.12,276.08,Credit Card,A. Kumar
ORD-11870,1287,2025-07-25 06:40:00,Customer 95,East,Odisha,Office Supplies,Stapler,4,1451.88,5,1379.29,162.82,Net Banking,N. Gupta
ORD-11224,1343,2025-07-25 07:53:44,Customer 386,East,Jharkhand,Furniture,Table,5,53232.78,20,42586.22,9720.94,Debit Card,S. Verma
ORD-10910,1245,2025-07-25 11:05:03,Customer 358,South,Karnataka,Accessories,Webcam,2,7769.59,20,6215.67,806.44,Debit Card,N. Gupta
ORD-10738,1189,2025-07-25 16:56:47,Customer 400,North,Punjab,Furniture,Table,2,20400.67,5,19380.64,3175.56,Debit Card,P. Sharma
ORD-10669,1194,2025-07-25 21:44:47,Customer 422,West,Maharashtra,Electronics,Monitor,5,94668.11,10,85201.3,19482.19,UPI,A. Kumar
ORD-11383,1412,2025-07-26 02:33:48,Customer 114,East,West Bengal,Electronics,Monitor,1,19029.87,15,16175.39,3704.21,Cash,S. Verma
ORD-11418,1427,2025-07-26 09:29:50,Customer 474,West,Gujarat,Furniture,Table,3,30826.7,10,27744.03,5004.15,UPI,R. Singh
ORD-10459,1223,2025-07-26 13:53:28,Customer 287,West,Rajasthan,Electronics,Monitor,5,102027.24,5,96925.88,20637.6,Credit Card,S. Verma
ORD-11484,1188,2025-07-26 14:10:47,Customer 141,South,Kerala,Office Supplies,File Folder,4,665.64,0,665.64,60.23,Cash,S. Verma
ORD-11795,1009,2025-07-26 20:27:29,Customer 284,Central,Chhattisgarh,Electronics,Headphones,4,22604.03,0,22604.03,2618.95,Debit Card,S. Verma
ORD-11378,1180,2025-07-27 04:12:27,Customer 192,South,Kerala,Electronics,Headphones,5,26586.28,0,26586.28,3568.01,Net Banking,S. Verma
ORD-10801,1285,2025-07-27 06:40:30,Customer 41,East,Jharkhand,Electronics,Smartphone,5,164398.22,10,147958.4,31762.57,Net Banking,S. Verma
ORD-10302,1113,2025-07-27 07:47:23,Customer 126,East,Odisha,Office Supplies,Pen Set,3,677.28,10,609.55,54.14,Net Banking,R. Singh
ORD-11970,1184,2025-07-27 10:35:35,Customer 258,East,Jharkhand,Furniture,Bookshelf,5,33186.92,0,33186.92,4942.84,Net Banking,N. Gupta
ORD-11487,1052,2025-07-27 23:30:14,Customer 368,East,Bihar,Office Supplies,Pen Set,2,492.32,5,467.7,65.97,Net Banking,P. Sharma
ORD-10822,1374,2025-07-28 00:07:43,Customer 200,Central,Chhattisgarh,Electronics,Monitor,1,19328.38,0,19328.38,2304.42,Net Banking,N. Gupta
ORD-10946,1094,2025-07-28 03:13:41,Customer 134,North,Punjab,Office Supplies,Notebook,5,1686.21,10,1517.59,320.09,Net Banking,N. Gupta
ORD-10347,1376,2025-07-28 09:13:58,Customer 75,West,Gujarat,Furniture,Bookshelf,3,23272.37,5,22108.75,5014.69,Net Banking,S. Verma
ORD-10187,1283,2025-07-28 09:32:33,Customer 95,East,West Bengal,Accessories,Backpack,5,11765.05,0,11765.05,2393.21,Debit Card,S. Verma
ORD-10714,1057,2025-07-28 11:49:17,Customer 498,Central,Madhya Pradesh,Furniture,Bookshelf,2,12888.52,15,10955.24,1006.41,Debit Card,P. Sharma
ORD-11841,1165,2025-07-28 12:37:33,Customer 459,North,Delhi,Furniture,Table,4,45127.58,10,40614.82,3523.06,UPI,P. Sharma
ORD-10688,1023,2025-07-28 17:55:58,Customer 13,North,Punjab,Office Supplies,Notebook,1,341.83,0,341.83,58.28,UPI,P. Sharma
ORD-11464,1397,2025-07-29 00:50:15,Customer 464,East,Odisha,Office Supplies,Stapler,4,1580.48,0,1580.48,388.92,Net Banking,N. Gupta
ORD-11982,1288,2025-07-29 07:02:49,Customer 343,Central,Madhya Pradesh,Electronics,Smartphone,2,65429.44,5,62157.97,14269.57,Net Banking,A. Kumar
ORD-11815,1446,2025-07-29 07:09:35,Customer 318,South,Telangana,Electronics,Tablet,2,39947.58,15,33955.44,3510.43,Credit Card,P. Sharma
ORD-10466,1087,2025-07-29 13:59:04,Customer 123,West,Rajasthan,Accessories,Backpack,3,8549.01,5,8121.56,771.43,Debit Card,P. Sharma
ORD-11927,1285,2025-07-29 19:04:30,Customer 6,East,West Bengal,Furniture,Bookshelf,4,31852.69,0,31852.69,6587.32,Credit Card,R. Singh
ORD-10229,1093,2025-07-29 20:15:40,Customer 241,North,Delhi,Furniture,Desk,3,33660.22,5,31977.21,7839.55,Debit Card,K. Yadav
ORD-10740,1289,2025-07-30 23:31:25,Customer 80,Central,Chhattisgarh,Electronics,Smartphone,5,156043.13,10,140438.82,19004.34,Debit Card,A. Kumar
ORD-11673,1225,2025-07-31 06:23:37,Customer 54,North,Delhi,Accessories,USB Hub,4,4498.49,10,4048.64,832.81,Cash,P. Sharma
ORD-10172,1267,2025-07-31 10:40:49,Customer 253,South,Telangana,Furniture,Bookshelf,5,38331.66,10,34498.49,3100.99,UPI,R. Singh
ORD-10272,1135,2025-07-31 12:32:35,Customer 111,North,Haryana,Furniture,Sofa,1,24823.37,0,24823.37,3251.02,Debit Card,A. Kumar
ORD-10007,1344,2025-07-31 14:13:20,Customer 492,West,Goa,Furniture,Office Chair,5,49524.72,0,49524.72,12270.78,Debit Card,R. Singh
ORD-10439,1327,2025-07-31 15:36:46,Customer 327,West,Rajasthan,Electronics,Headphones,5,28716.14,5,27280.33,3379.42,Credit Card,A. Kumar
ORD-11960,1394,2025-07-31 15:48:03,Customer 396,South,Tamil Nadu,Office Supplies,Pen Set,3,688.09,5,653.69,99.77,Debit Card,R. Singh
ORD-10613,1414,2025-08-01 07:33:08,Customer 348,South,Tamil Nadu,Office Supplies,Stapler,3,1376.74,5,1307.9,254.06,Debit Card,R. Singh
ORD-11396,1418,2025-08-01 09:08:00,Customer 143,Central,Chhattisgarh,Office Supplies,File Folder,5,1020.18,5,969.17,94.63,Credit Card,N. Gupta
ORD-10641,1038,2025-08-01 13:33:40,Customer 349,East,Odisha,Electronics,Monitor,1,19171.51,10,17254.36,1449.55,UPI,S. Verma
ORD-10838,1326,2025-08-01 14:37:06,Customer 235,West,Maharashtra,Office Supplies,Pen Set,4,1113.11,10,1001.8,113.75,UPI,N. Gupta
ORD-10653,1016,2025-08-01 21:01:26,Customer 77,Central,Madhya Pradesh,Office Supplies,Printer,3,48793.72,10,43914.35,7034.59,Net Banking,A. Kumar
ORD-10623,1423,2025-08-01 22:17:10,Customer 476,North,Uttar Pradesh,Electronics,Smartphone,1,32854.3,5,31211.58,4653.37,Net Banking,P. Sharma
ORD-10628,1236,2025-08-02 06:54:46,Customer 200,West,Maharashtra,Accessories,Mouse,1,959.5,10,863.55,191.74,Net Banking,K. Yadav
ORD-10283,1360,2025-08-02 08:39:29,Customer 55,West,Maharashtra,Furniture,Sofa,2,55059.41,0,55059.41,11968.46,Debit Card,K. Yadav
ORD-10303,1059,2025-08-02 08:51:44,Customer 318,Central,Madhya Pradesh,Furniture,Office Chair,5,48742.86,10,43868.57,4019.24,Credit Card,A. Kumar
ORD-10867,1143,2025-08-02 10:57:14,Customer 111,Central,Madhya Pradesh,Furniture,Table,3,33067.33,15,28107.23,4432.34,Credit Card,R. Singh
ORD-11658,1051,2025-08-02 18:58:49,Customer 392,North,Uttar Pradesh,Electronics,Laptop,3,183082.58,20,146466.06,35291.62,UPI,R. Singh
ORD-11617,1058,2025-08-02 21:55:26,Customer 392,South,Kerala,Office Supplies,Printer,3,45583.41,5,43304.24,10046.51,Credit Card,K. Yadav
ORD-11964,1160,2025-08-03 01:55:21,Customer 82,South,Tamil Nadu,Office Supplies,Notebook,4,1285.04,10,1156.54,146.09,UPI,S. Verma
ORD-11760,1280,2025-08-03 02:54:42,Customer 324,East,Odisha,Electronics,Tablet,4,93300.95,10,83970.86,14618.76,Cash,S. Verma
ORD-11222,1180,2025-08-03 12:59:20,Customer 151,East,West Bengal,Furniture,Office Chair,3,29120.32,10,26208.29,4832.48,Net Banking,A. Kumar
ORD-11128,1117,2025-08-03 18:24:26,Customer 190,East,Odisha,Accessories,USB Hub,3,3841.53,5,3649.45,488.86,UPI,R. Singh
ORD-11540,1009,2025-08-03 19:28:10,Customer 390,South,Kerala,Electronics,Tablet,1,23690.12,15,20136.6,4052.25,Debit Card,A. Kumar
ORD-11498,1021,2025-08-03 21:12:30,Customer 85,North,Delhi,Furniture,Desk,5,60277.36,0,60277.36,9267.62,Net Banking,R. Singh
ORD-11584,1444,2025-08-04 05:23:01,Customer 87,South,Karnataka,Accessories,Webcam,2,6636.51,0,6636.51,1510.2,Net Banking,S. Verma
ORD-11144,1261,2025-08-04 07:16:54,Customer 254,Central,Chhattisgarh,Electronics,Smartphone,1,30158.94,15,25635.1,4623.11,UPI,A. Kumar
ORD-10851,1013,2025-08-04 08:27:06,Customer 172,North,Uttar Pradesh,Office Supplies,File Folder,5,865.78,15,735.91,175.49,Net Banking,N. Gupta
ORD-11352,1172,2025-08-04 12:11:09,Customer 255,West,Gujarat,Furniture,Bookshelf,3,22137.74,0,22137.74,4710.0,Debit Card,K. Yadav
ORD-11671,1369,2025-08-04 12:22:20,Customer 383,South,Telangana,Furniture,Office Chair,4,38036.71,0,38036.71,8765.52,Net Banking,R. Singh
ORD-10131,1410,2025-08-04 19:24:46,Customer 3,South,Telangana,Office Supplies,Pen Set,3,842.78,10,758.5,166.07,UPI,S. Verma
ORD-10046,1058,2025-08-04 20:10:19,Customer 173,Central,Chhattisgarh,Accessories,USB Hub,1,1104.87,10,994.38,153.31,Net Banking,N. Gupta
ORD-10309,1065,2025-08-04 21:46:01,Customer 473,North,Delhi,Office Supplies,Printer,3,43549.83,10,39194.85,8906.49,Credit Card,N. Gupta
ORD-10119,1210,2025-08-05 04:55:13,Customer 270,West,Rajasthan,Electronics,Monitor,1,18819.77,5,17878.78,3317.51,Net Banking,S. Verma
ORD-11217,1318,2025-08-05 11:59:23,Customer 394,South,Karnataka,Electronics,Smartphone,2,55703.32,0,55703.32,7748.57,Net Banking,A. Kumar
ORD-11791,1253,2025-08-05 16:33:12,Customer 20,Central,Madhya Pradesh,Accessories,Keyboard,2,3491.42,10,3142.28,560.45,Net Banking,R. Singh
ORD-10177,1034,2025-08-05 21:46:27,Customer 112,East,West Bengal,Furniture,Table,4,38660.19,0,38660.19,3928.8,Cash,P. Sharma
ORD-11095,1428,2025-08-05 23:23:23,Customer 338,Central,Madhya Pradesh,Electronics,Headphones,4,19012.31,15,16160.46,3652.88,Credit Card,S. Verma
ORD-11172,1025,2025-08-06 04:16:08,Customer 103,South,Karnataka,Electronics,Monitor,5,102321.06,10,92088.95,8287.57,Cash,P. Sharma
ORD-10964,1009,2025-08-06 09:20:03,Customer 295,Central,Madhya Pradesh,Furniture,Desk,5,59146.73,5,56189.39,8301.72,Net Banking,K. Yadav
ORD-10378,1151,2025-08-06 14:27:11,Customer 451,North,Haryana,Electronics,Monitor,3,61175.99,15,51999.59,9168.72,Credit Card,P. Sharma
ORD-11247,1066,2025-08-06 18:39:07,Customer 378,West,Maharashtra,Furniture,Sofa,4,98292.26,5,93377.65,11350.7,Cash,N. Gupta
ORD-10561,1346,2025-08-06 23:16:53,Customer 255,Central,Madhya Pradesh,Electronics,Laptop,3,198796.03,5,188856.23,37020.92,Cash,P. Sharma
ORD-11448,1268,2025-08-07 00:14:12,Customer 500,Central,Madhya Pradesh,Accessories,Webcam,1,3298.28,10,2968.45,727.63,Credit Card,N. Gupta
ORD-11522,1434,2025-08-07 04:09:10,Customer 491,Central,Madhya Pradesh,Furniture,Table,4,42060.65,0,42060.65,3433.4,Net Banking,R. Singh
ORD-10179,1284,2025-08-07 04:15:06,Customer 247,South,Telangana,Electronics,Laptop,2,147235.36,5,139873.59,29764.96,Credit Card,R. Singh
ORD-11773,1447,2025-08-07 15:59:33,Customer 212,West,Rajasthan,Furniture,Sofa,5,121311.2,5,115245.64,26970.17,Credit Card,K. Yadav
ORD-10965,1008,2025-08-07 18:05:36,Customer 45,South,Kerala,Office Supplies,File Folder,2,326.03,5,309.73,32.81,Net Banking,S. Verma
ORD-10164,1104,2025-08-07 19:01:09,Customer 5,North,Punjab,Office Supplies,Stapler,3,1358.15,5,1290.24,190.81,Cash,S. Verma
ORD-11945,1304,2025-08-07 20:32:06,Customer 73,North,Punjab,Accessories,Keyboard,2,3696.89,10,3327.2,520.39,UPI,P. Sharma
ORD-10924,1248,2025-08-07 21:00:59,Customer 318,North,Punjab,Accessories,USB Hub,4,5331.81,10,4798.63,551.96,Cash,R. Singh
ORD-11493,1396,2025-08-07 23:03:23,Customer 60,West,Maharashtra,Accessories,USB Hub,2,2397.67,10,2157.9,509.85,Net Banking,K. Yadav
ORD-11926,1126,2025-08-08 00:26:22,Customer 262,East,Bihar,Accessories,Mouse,4,3749.59,15,3187.15,292.04,Cash,K. Yadav
ORD-10219,1355,2025-08-08 01:01:47,Customer 333,Central,Madhya Pradesh,Office Supplies,File Folder,4,816.89,15,694.36,145.98,Credit Card,R. Singh
ORD-11898,1247,2025-08-08 01:24:18,Customer 297,South,Telangana,Furniture,Office Chair,5,44479.56,10,40031.6,6565.99,Net Banking,N. Gupta
ORD-10555,1315,2025-08-08 11:17:24,Customer 375,North,Punjab,Electronics,Tablet,2,49248.4,10,44323.56,7066.7,Cash,N. Gupta
ORD-11583,1080,2025-08-08 12:08:35,Customer 140,West,Goa,Office Supplies,Printer,3,47057.31,10,42351.58,5867.52,UPI,A. Kumar
ORD-10273,1157,2025-08-08 12:38:57,Customer 226,East,Jharkhand,Office Supplies,Printer,5,74962.6,5,71214.47,6492.49,Cash,N. Gupta
ORD-10874,1108,2025-08-08 18:29:56,Customer 461,West,Rajasthan,Furniture,Office Chair,2,19023.78,15,16170.21,3075.33,Debit Card,K. Yadav
ORD-10670,1285,2025-08-08 19:34:02,Customer 387,East,Bihar,Electronics,Headphones,5,25809.83,10,23228.85,3032.69,Cash,P. Sharma
ORD-11344,1179,2025-08-08 22:02:08,Customer 380,West,Rajasthan,Furniture,Sofa,1,26837.91,15,22812.22,5298.07,Net Banking,P. Sharma
ORD-10367,1367,2025-08-09 04:41:36,Customer 44,West,Gujarat,Office Supplies,File Folder,4,698.12,15,593.4,141.13,Debit Card,R. Singh
ORD-11734,1097,2025-08-09 07:18:29,Customer 192,South,Telangana,Furniture,Table,3,28270.49,15,24029.92,1927.07,Net Banking,K. Yadav
ORD-10643,1210,2025-08-09 09:25:35,Customer 392,South,Telangana,Furniture,Bookshelf,2,13517.96,10,12166.16,1297.81,UPI,K. Yadav
ORD-11427,1239,2025-08-09 10:16:40,Customer 339,South,Karnataka,Office Supplies,Pen Set,5,1345.28,5,1278.02,296.63,Credit Card,S. Verma
ORD-10080,1214,2025-08-09 12:35:22,Customer 407,South,Tamil Nadu,Furniture,Desk,1,12072.39,10,10865.15,2595.06,UPI,K. Yadav
ORD-10606,1186,2025-08-09 15:53:49,Customer 93,South,Tamil Nadu,Office Supplies,Printer,1,16554.84,15,14071.61,2354.15,Cash,K. Yadav
ORD-11859,1384,2025-08-09 17:43:18,Customer 222,West,Goa,Furniture,Sofa,3,84271.23,5,80057.67,16355.16,UPI,P. Sharma
ORD-10733,1230,2025-08-09 19:59:19,Customer 125,South,Telangana,Furniture,Table,2,20632.97,5,19601.32,2776.31,Credit Card,A. Kumar
ORD-10218,1191,2025-08-09 20:12:50,Customer 4,East,Jharkhand,Electronics,Laptop,4,248766.67,15,211451.67,26955.21,Credit Card,A. Kumar
ORD-11606,1391,2025-08-10 04:14:09,Customer 70,East,Bihar,Electronics,Smartphone,4,130509.37,10,117458.43,17021.86,Credit Card,S. Verma
ORD-11322,1203,2025-08-10 05:06:16,Customer 294,Central,Madhya Pradesh,Electronics,Laptop,3,194724.28,20,155779.42,23877.93,Cash,N. Gupta
ORD-11856,1380,2025-08-10 16:52:35,Customer 203,Central,Madhya Pradesh,Furniture,Table,5,50774.76,15,43158.55,10103.86,Credit Card,K. Yadav
ORD-11289,1061,2025-08-10 22:52:36,Customer 26,East,Bihar,Electronics,Tablet,3,70185.76,15,59657.9,14220.86,Debit Card,R. Singh
ORD-11605,1217,2025-08-11 05:38:10,Customer 466,North,Delhi,Office Supplies,File Folder,2,386.67,0,386.67,59.93,Credit Card,K. Yadav
ORD-10174,1191,2025-08-11 07:29:01,Customer 256,West,Goa,Electronics,Monitor,4,80064.29,10,72057.86,15467.65,Net Banking,R. Singh
ORD-10804,1416,2025-08-11 13:20:19,Customer 458,Central,Chhattisgarh,Electronics,Smartphone,2,64844.15,5,61601.94,7544.71,Net Banking,A. Kumar
ORD-11293,1003,2025-08-11 15:03:42,Customer 436,North,Uttar Pradesh,Furniture,Sofa,4,100633.36,10,90570.02,20669.8,Credit Card,N. Gupta
ORD-10621,1234,2025-08-11 18:36:18,Customer 116,West,Goa,Electronics,Monitor,4,64822.83,15,55099.41,9294.77,Net Banking,P. Sharma
ORD-11648,1100,2025-08-11 21:47:58,Customer 299,West,Gujarat,Electronics,Tablet,3,73370.56,5,69702.03,5832.6,Credit Card,A. Kumar
ORD-10584,1162,2025-08-12 04:21:56,Customer 286,Central,Chhattisgarh,Furniture,Desk,4,50533.7,20,40426.96,5713.83,Debit Card,N. Gupta
ORD-11304,1032,2025-08-12 07:33:08,Customer 67,South,Karnataka,Office Supplies,Pen Set,3,790.8,20,632.64,129.68,Cash,K. Yadav
ORD-10487,1071,2025-08-12 10:05:13,Customer 226,South,Kerala,Electronics,Laptop,5,317988.38,10,286189.54,40213.3,Cash,N. Gupta
ORD-10604,1188,2025-08-12 22:26:02,Customer 480,North,Uttar Pradesh,Accessories,USB Hub,1,1110.57,0,1110.57,205.18,Credit Card,S. Verma
ORD-10173,1260,2025-08-13 03:52:06,Customer 40,North,Haryana,Electronics,Monitor,3,50999.85,10,45899.87,8494.63,UPI,N. Gupta
ORD-10422,1230,2025-08-13 07:12:48,Customer 426,East,Odisha,Electronics,Tablet,2,45079.43,10,40571.49,4985.95,Cash,A. Kumar
ORD-11449,1272,2025-08-13 08:27:00,Customer 133,North,Punjab,Office Supplies,File Folder,2,329.54,15,280.11,69.7,Net Banking,N. Gupta
ORD-10111,1440,2025-08-13 10:30:51,Customer 29,Central,Chhattisgarh,Office Supplies,Printer,1,16855.96,15,14327.57,2260.37,UPI,R. Singh
ORD-10175,1219,2025-08-13 14:20:04,Customer 246,East,Jharkhand,Furniture,Table,5,54616.31,0,54616.31,8233.2,Net Banking,P. Sharma
ORD-10599,1423,2025-08-13 22:38:21,Customer 174,Central,Madhya Pradesh,Accessories,Backpack,3,7813.96,5,7423.26,1811.56,Net Banking,R. Singh
ORD-11473,1069,2025-08-13 23:37:36,Customer 193,South,Karnataka,Office Supplies,Notebook,4,1083.6,10,975.24,173.13,UPI,K. Yadav
ORD-10855,1037,2025-08-14 05:45:41,Customer 455,North,Delhi,Accessories,USB Hub,5,5644.16,10,5079.74,1091.91,Credit Card,P. Sharma
ORD-10774,1022,2025-08-14 07:49:03,Customer 477,South,Karnataka,Furniture,Table,3,31155.44,15,26482.12,2142.65,Credit Card,K. Yadav
ORD-10250,1228,2025-08-14 08:44:21,Customer 75,North,Haryana,Furniture,Sofa,4,108865.53,10,97978.98,12876.01,UPI,K. Yadav
ORD-10442,1232,2025-08-14 10:58:39,Customer 468,West,Gujarat,Office Supplies,Printer,4,63627.29,10,57264.56,9347.84,Cash,A. Kumar
ORD-11608,1316,2025-08-14 15:07:04,Customer 347,South,Karnataka,Electronics,Smartphone,1,27383.85,10,24645.47,2069.35,Credit Card,P. Sharma
ORD-11699,1022,2025-08-14 15:22:19,Customer 32,West,Rajasthan,Furniture,Bookshelf,5,33454.99,5,31782.24,6328.04,Debit Card,R. Singh
ORD-11230,1321,2025-08-14 17:48:57,Customer 402,West,Maharashtra,Furniture,Desk,3,33297.87,15,28303.19,4051.34,Credit Card,A. Kumar
ORD-10888,1025,2025-08-14 18:51:45,Customer 384,Central,Chhattisgarh,Accessories,Keyboard,1,1878.07,15,1596.36,193.36,Cash,P. Sharma
ORD-11572,1152,2025-08-14 19:37:36,Customer 262,North,Delhi,Electronics,Smartphone,1,34040.33,10,30636.3,7338.34,Debit Card,K. Yadav
ORD-11657,1352,2025-08-14 21:31:21,Customer 345,West,Gujarat,Furniture,Desk,1,11782.0,20,9425.6,1343.98,Net Banking,P. Sharma
ORD-11880,1234,2025-08-14 21:33:57,Customer 259,West,Goa,Office Supplies,Stapler,5,2080.92,15,1768.78,276.54,UPI,P. Sharma
ORD-10926,1291,2025-08-14 22:18:58,Customer 326,Central,Chhattisgarh,Accessories,Backpack,3,7933.83,10,7140.45,957.43,Net Banking,S. Verma
ORD-11737,1307,2025-08-15 01:44:09,Customer 345,South,Telangana,Office Supplies,File Folder,4,695.53,10,625.98,69.0,UPI,N. Gupta
ORD-11320,1119,2025-08-15 03:23:54,Customer 141,North,Delhi,Office Supplies,Notebook,2,568.29,10,511.46,101.16,Debit Card,N. Gupta
ORD-10227,1311,2025-08-15 05:53:10,Customer 348,South,Telangana,Furniture,Table,3,30339.35,15,25788.45,4867.13,Cash,S. Verma
ORD-10257,1188,2025-08-16 06:01:37,Customer 450,East,Bihar,Accessories,Mouse,1,922.64,15,784.24,157.01,Credit Card,N. Gupta
ORD-10163,1311,2025-08-16 13:23:27,Customer 106,West,Goa,Furniture,Desk,4,54739.99,10,49265.99,10263.21,UPI,S. Verma
ORD-11342,1199,2025-08-16 13:34:29,Customer 448,Central,Chhattisgarh,Accessories,Mouse,3,2872.61,10,2585.35,367.68,UPI,S. Verma
ORD-11158,1339,2025-08-16 14:48:35,Customer 262,North,Punjab,Electronics,Smartphone,4,121518.7,10,109366.83,18216.79,Credit Card,A. Kumar
ORD-10509,1018,2025-08-16 20:08:23,Customer 220,East,Odisha,Office Supplies,File Folder,5,873.3,10,785.97,126.4,UPI,S. Verma
ORD-11743,1177,2025-08-17 08:25:37,Customer 145,West,Maharashtra,Furniture,Desk,5,61428.67,0,61428.67,9992.87,Debit Card,S. Verma
ORD-10519,1012,2025-08-17 08:37:24,Customer 438,Central,Chhattisgarh,Electronics,Monitor,2,39749.9,15,33787.42,3201.02,Cash,K. Yadav
ORD-10577,1337,2025-08-17 09:57:13,Customer 106,Central,Chhattisgarh,Furniture,Sofa,5,125941.96,10,113347.76,15048.39,Credit Card,R. Singh
ORD-10276,1159,2025-08-17 11:39:20,Customer 174,West,Rajasthan,Electronics,Laptop,4,255927.11,10,230334.4,39524.97,Credit Card,P. Sharma
ORD-10693,1175,2025-08-17 15:14:53,Customer 203,North,Uttar Pradesh,Accessories,Backpack,4,11444.63,5,10872.4,1267.84,Cash,S. Verma
ORD-10264,1364,2025-08-17 16:47:06,Customer 273,West,Rajasthan,Office Supplies,Notebook,5,1617.39,10,1455.65,355.51,Cash,A. Kumar
ORD-10694,1205,2025-08-17 17:30:48,Customer 4,East,Jharkhand,Office Supplies,Stapler,3,1143.08,10,1028.77,189.96,Cash,A. Kumar
ORD-11678,1043,2025-08-17 20:59:53,Customer 279,South,Telangana,Accessories,Webcam,5,19278.07,5,18314.17,2625.67,Net Banking,N. Gupta
ORD-10532,1095,2025-08-18 06:21:57,Customer 313,West,Gujarat,Electronics,Laptop,5,356849.43,20,285479.54,35013.63,UPI,P. Sharma
ORD-11817,1110,2025-08-18 21:27:28,Customer 63,North,Haryana,Accessories,USB Hub,5,6485.52,10,5836.97,895.56,Net Banking,A. Kumar
ORD-11324,1304,2025-08-18 22:34:51,Customer 138,East,Jharkhand,Electronics,Tablet,5,101350.94,5,96283.39,21524.34,Credit Card,P. Sharma
ORD-11814,1109,2025-08-18 23:35:23,Customer 146,Central,Chhattisgarh,Electronics,Laptop,5,298711.08,10,268839.97,27804.38,Cash,N. Gupta
ORD-10352,1223,2025-08-19 06:55:50,Customer 313,East,West Bengal,Office Supplies,Printer,3,42756.22,5,40618.41,8022.38,Net Banking,K. Yadav
ORD-10076,1123,2025-08-19 10:07:05,Customer 353,North,Delhi,Office Supplies,Pen Set,1,227.1,10,204.39,42.84,Net Banking,S. Verma
ORD-11346,1218,2025-08-19 20:16:14,Customer 302,Central,Chhattisgarh,Electronics,Tablet,3,65735.34,15,55875.04,5826.52,UPI,P. Sharma
ORD-11021,1094,2025-08-19 20:19:26,Customer 435,West,Rajasthan,Electronics,Laptop,2,117688.75,5,111804.31,17984.34,Net Banking,P. Sharma
ORD-10107,1187,2025-08-20 02:05:45,Customer 293,Central,Madhya Pradesh,Electronics,Headphones,1,4636.83,5,4404.99,445.58,Net Banking,N. Gupta
ORD-11834,1147,2025-08-20 12:35:52,Customer 418,North,Punjab,Electronics,Headphones,2,9148.12,20,7318.5,769.34,Cash,R. Singh
ORD-10387,1398,2025-08-20 18:00:04,Customer 368,North,Haryana,Electronics,Laptop,3,192801.26,10,173521.13,33817.52,Cash,R. Singh
ORD-11601,1077,2025-08-20 19:50:55,Customer 383,Central,Chhattisgarh,Electronics,Laptop,1,72639.82,15,61743.85,11696.5,Net Banking,K. Yadav
ORD-10160,1036,2025-08-20 21:21:40,Customer 353,East,Bihar,Electronics,Tablet,4,95135.45,10,85621.91,10840.36,Cash,R. Singh
ORD-11595,1055,2025-08-21 04:01:28,Customer 219,East,Jharkhand,Furniture,Table,5,55991.52,5,53191.94,12045.35,Net Banking,R. Singh
ORD-10598,1244,2025-08-21 06:13:22,Customer 76,Central,Madhya Pradesh,Accessories,USB Hub,4,4416.8,10,3975.12,783.74,Cash,P. Sharma
ORD-10467,1389,2025-08-21 14:22:39,Customer 224,Central,Madhya Pradesh,Electronics,Monitor,5,92500.06,10,83250.05,13182.87,Debit Card,S. Verma
ORD-11232,1246,2025-08-21 14:57:49,Customer 99,East,Jharkhand,Office Supplies,Stapler,4,1746.04,15,1484.13,192.52,UPI,R. Singh
ORD-11345,1169,2025-08-21 18:28:02,Customer 175,West,Maharashtra,Office Supplies,File Folder,5,913.37,0,913.37,222.09,Net Banking,S. Verma
ORD-10640,1407,2025-08-21 21:11:23,Customer 362,East,West Bengal,Office Supplies,Notebook,4,1163.37,10,1047.03,142.42,Net Banking,A. Kumar
ORD-11409,1255,2025-08-21 21:58:45,Customer 133,Central,Chhattisgarh,Electronics,Headphones,1,4980.51,10,4482.46,807.19,Net Banking,K. Yadav
ORD-10079,1356,2025-08-22 01:01:35,Customer 324,East,Jharkhand,Accessories,Mouse,1,867.6,10,780.84,141.18,Net Banking,N. Gupta
ORD-11216,1363,2025-08-22 14:40:36,Customer 83,East,Odisha,Office Supplies,Printer,3,44259.71,10,39833.74,4720.12,Net Banking,K. Yadav
ORD-10470,1415,2025-08-22 16:01:03,Customer 253,Central,Madhya Pradesh,Electronics,Monitor,1,16972.18,5,16123.57,2557.86,UPI,K. Yadav
ORD-10214,1133,2025-08-23 00:08:02,Customer 189,East,West Bengal,Furniture,Office Chair,4,38874.18,15,33043.05,3089.5,Cash,N. Gupta
ORD-11612,1154,2025-08-23 00:50:35,Customer 155,Central,Chhattisgarh,Office Supplies,Stapler,2,883.56,15,751.03,129.24,Debit Card,A. Kumar
ORD-11412,1413,2025-08-23 06:46:36,Customer 68,West,Rajasthan,Office Supplies,Printer,3,42916.04,5,40770.24,6414.75,Net Banking,A. Kumar
ORD-10370,1115,2025-08-23 07:18:25,Customer 63,Central,Madhya Pradesh,Office Supplies,Printer,1,14379.1,5,13660.14,1162.72,Debit Card,S. Verma
ORD-10651,1011,2025-08-23 10:07:04,Customer 12,North,Haryana,Electronics,Laptop,5,308845.49,0,308845.49,49618.2,Debit Card,S. Verma
ORD-10245,1342,2025-08-23 15:05:24,Customer 379,West,Maharashtra,Furniture,Sofa,5,117317.03,10,105585.33,18170.16,Debit Card,R. Singh
ORD-10204,1445,2025-08-23 16:07:04,Customer 161,East,Bihar,Electronics,Laptop,3,190549.06,15,161966.7,39592.85,Credit Card,N. Gupta
ORD-10495,1049,2025-08-23 17:17:42,Customer 154,North,Uttar Pradesh,Furniture,Sofa,1,25192.86,5,23933.22,4864.88,Debit Card,S. Verma
ORD-10537,1196,2025-08-23 20:38:10,Customer 152,West,Goa,Electronics,Laptop,5,297191.46,15,252612.74,22744.88,Net Banking,P. Sharma
ORD-10953,1239,2025-08-24 00:41:40,Customer 301,East,Odisha,Office Supplies,Printer,4,55495.89,5,52721.1,8711.09,Cash,R. Singh
ORD-10697,1268,2025-08-24 02:24:19,Customer 16,Central,Chhattisgarh,Accessories,Mouse,1,916.6,10,824.94,66.99,Debit Card,N. Gupta
ORD-10978,1255,2025-08-24 04:54:26,Customer 126,East,Bihar,Office Supplies,File Folder,3,567.62,10,510.86,42.46,Cash,S. Verma
ORD-10630,1281,2025-08-24 05:27:30,Customer 252,North,Uttar Pradesh,Furniture,Bookshelf,2,15930.96,5,15134.41,3444.24,Credit Card,K. Yadav
ORD-10203,1165,2025-08-24 08:35:05,Customer 21,West,Goa,Furniture,Table,2,22139.34,15,18818.44,3503.1,Credit Card,N. Gupta
ORD-11869,1415,2025-08-24 19:51:41,Customer 296,North,Uttar Pradesh,Office Supplies,Notebook,3,933.93,10,840.54,135.99,Credit Card,A. Kumar
ORD-10209,1262,2025-08-24 21:12:06,Customer 436,South,Tamil Nadu,Electronics,Laptop,3,219824.49,10,197842.04,32570.36,UPI,R. Singh
ORD-11492,1127,2025-08-24 21:13:44,Customer 334,Central,Chhattisgarh,Electronics,Smartphone,2,60560.42,0,60560.42,14590.74,Net Banking,S. Verma
ORD-10731,1049,2025-08-25 02:36:02,Customer 316,Central,Chhattisgarh,Electronics,Laptop,1,66507.7,5,63182.32,15562.13,Debit Card,N. Gupta
ORD-10312,1271,2025-08-25 05:43:31,Customer 93,South,Kerala,Furniture,Bookshelf,4,30438.69,15,25872.89,3978.83,Debit Card,A. Kumar
ORD-10361,1226,2025-08-25 06:53:03,Customer 406,East,Odisha,Electronics,Monitor,5,87269.47,5,82906.0,9209.4,Net Banking,K. Yadav
ORD-10864,1087,2025-08-25 21:42:12,Customer 437,South,Telangana,Furniture,Bookshelf,1,7154.07,5,6796.37,970.79,UPI,P. Sharma
ORD-11763,1033,2025-08-25 23:17:23,Customer 476,North,Uttar Pradesh,Accessories,Keyboard,1,2006.18,10,1805.56,327.06,Credit Card,S. Verma
ORD-10543,1298,2025-08-26 17:12:05,Customer 380,West,Rajasthan,Furniture,Office Chair,1,8207.81,15,6976.64,1401.59,Cash,P. Sharma
ORD-10059,1061,2025-08-27 01:31:37,Customer 51,West,Goa,Office Supplies,Printer,3,50336.07,10,45302.46,11118.53,Debit Card,N. Gupta
ORD-10211,1114,2025-08-27 04:43:22,Customer 40,South,Karnataka,Furniture,Sofa,2,48959.52,15,41615.59,9739.89,UPI,S. Verma
ORD-10169,1164,2025-08-28 00:42:06,Customer 270,East,Odisha,Accessories,Mouse,2,1990.12,0,1990.12,450.85,UPI,K. Yadav
ORD-11985,1281,2025-08-28 06:13:52,Customer 62,East,West Bengal,Office Supplies,Pen Set,3,836.68,5,794.85,191.48,UPI,R. Singh
ORD-11243,1035,2025-08-28 07:15:02,Customer 65,Central,Chhattisgarh,Office Supplies,Printer,5,77541.11,5,73664.05,15206.86,Debit Card,P. Sharma
ORD-10189,1224,2025-08-28 10:17:35,Customer 362,Central,Madhya Pradesh,Electronics,Smartphone,1,32562.84,15,27678.41,3521.89,Credit Card,R. Singh
ORD-11940,1365,2025-08-28 11:30:15,Customer 240,North,Haryana,Office Supplies,Printer,2,31322.32,10,28190.09,6309.31,Net Banking,P. Sharma
ORD-10072,1286,2025-08-28 14:41:38,Customer 213,North,Punjab,Office Supplies,Stapler,5,1869.89,15,1589.41,181.63,Net Banking,N. Gupta
ORD-10582,1386,2025-08-28 15:29:01,Customer 3,East,Odisha,Electronics,Headphones,3,14264.08,5,13550.88,1297.22,Cash,A. Kumar
ORD-10947,1314,2025-08-28 20:22:43,Customer 418,South,Kerala,Furniture,Table,1,10942.96,5,10395.81,2323.63,Net Banking,P. Sharma
ORD-11462,1370,2025-08-29 04:14:12,Customer 321,South,Tamil Nadu,Office Supplies,File Folder,2,402.84,10,362.56,69.55,Net Banking,K. Yadav
ORD-11269,1167,2025-08-29 11:29:11,Customer 125,South,Kerala,Office Supplies,Printer,5,76973.54,5,73124.86,10839.24,Debit Card,N. Gupta
ORD-11122,1158,2025-08-29 14:39:53,Customer 86,East,Bihar,Accessories,Backpack,2,5339.13,20,4271.3,407.54,UPI,P. Sharma
ORD-10939,1100,2025-08-30 04:43:11,Customer 129,East,Jharkhand,Office Supplies,Pen Set,1,254.51,5,241.78,29.67,UPI,N. Gupta
ORD-10674,1188,2025-08-30 05:19:13,Customer 363,Central,Madhya Pradesh,Furniture,Desk,5,62245.27,15,52908.48,8496.96,UPI,P. Sharma
ORD-11043,1341,2025-08-30 07:37:56,Customer 188,North,Haryana,Office Supplies,Printer,3,50551.24,5,48023.68,4906.94,Cash,N. Gupta
ORD-10338,1062,2025-08-30 12:55:01,Customer 239,South,Karnataka,Electronics,Tablet,2,44558.54,20,35646.83,5464.12,Debit Card,K. Yadav
ORD-10890,1046,2025-08-30 13:31:54,Customer 14,Central,Madhya Pradesh,Office Supplies,Printer,3,49692.4,15,42238.54,7799.61,Net Banking,R. Singh
ORD-10083,1180,2025-08-30 17:43:33,Customer 344,South,Kerala,Furniture,Bookshelf,3,21275.31,0,21275.31,2339.98,UPI,A. Kumar
ORD-10831,1204,2025-08-30 18:32:28,Customer 250,North,Uttar Pradesh,Electronics,Laptop,3,191557.18,10,172401.46,38624.9,Credit Card,N. Gupta
ORD-10610,1422,2025-08-31 02:42:10,Customer 468,North,Punjab,Electronics,Tablet,4,95282.23,0,95282.23,18378.57,UPI,A. Kumar
ORD-11285,1006,2025-08-31 03:52:26,Customer 394,West,Maharashtra,Furniture,Bookshelf,4,26450.26,20,21160.21,3045.92,UPI,K. Yadav
ORD-10902,1173,2025-08-31 05:08:58,Customer 201,Central,Chhattisgarh,Electronics,Monitor,4,76417.18,10,68775.46,9857.56,UPI,P. Sharma
ORD-10136,1237,2025-08-31 08:28:01,Customer 40,South,Kerala,Accessories,Mouse,3,2829.84,15,2405.36,278.57,Net Banking,A. Kumar
ORD-10138,1261,2025-08-31 11:09:50,Customer 449,North,Punjab,Furniture,Office Chair,3,26407.0,5,25086.65,5666.01,Cash,S. Verma
ORD-11201,1198,2025-08-31 22:14:32,Customer 325,South,Tamil Nadu,Electronics,Smartphone,1,31669.45,5,30085.98,6808.54,Cash,N. Gupta
ORD-11510,1270,2025-09-01 01:29:10,Customer 36,North,Delhi,Furniture,Sofa,5,131700.67,0,131700.67,31397.97,Credit Card,P. Sharma
ORD-11557,1324,2025-09-01 02:10:36,Customer 183,Central,Madhya Pradesh,Electronics,Laptop,2,128338.17,15,109087.44,25764.6,Cash,N. Gupta
ORD-10213,1260,2025-09-01 02:46:51,Customer 102,East,Odisha,Electronics,Laptop,5,372458.96,10,335213.06,62984.56,Credit Card,R. Singh
ORD-10060,1046,2025-09-01 07:47:45,Customer 433,Central,Chhattisgarh,Electronics,Headphones,5,25929.47,10,23336.52,3279.21,Credit Card,N. Gupta
ORD-10461,1216,2025-09-01 12:34:48,Customer 324,West,Goa,Office Supplies,Pen Set,4,967.29,5,918.93,195.89,UPI,S. Verma
ORD-10863,1282,2025-09-01 16:05:08,Customer 415,East,West Bengal,Furniture,Table,1,9869.43,10,8882.49,1700.24,Credit Card,K. Yadav
ORD-11679,1197,2025-09-01 22:30:40,Customer 86,South,Telangana,Electronics,Tablet,1,22429.1,10,20186.19,3883.61,UPI,P. Sharma
ORD-11033,1325,2025-09-01 22:43:34,Customer 244,West,Goa,Furniture,Office Chair,2,19930.18,0,19930.18,1960.75,Debit Card,K. Yadav
ORD-11171,1354,2025-09-02 01:51:35,Customer 89,North,Delhi,Accessories,Mouse,2,1718.91,5,1632.96,301.89,Net Banking,P. Sharma
ORD-11578,1170,2025-09-02 07:53:59,Customer 401,West,Maharashtra,Office Supplies,Pen Set,3,841.54,10,757.39,105.49,Cash,K. Yadav
ORD-11455,1181,2025-09-02 08:58:52,Customer 374,East,Jharkhand,Accessories,USB Hub,5,6578.44,15,5591.67,1280.99,Cash,N. Gupta
ORD-10017,1147,2025-09-02 09:00:03,Customer 352,North,Punjab,Furniture,Table,3,31431.7,10,28288.53,2342.85,Cash,A. Kumar
ORD-10720,1258,2025-09-02 18:54:48,Customer 89,West,Goa,Electronics,Tablet,5,112351.19,10,101116.07,16191.95,UPI,K. Yadav
ORD-10020,1422,2025-09-02 20:39:03,Customer 340,East,Jharkhand,Office Supplies,Stapler,1,424.2,0,424.2,45.59,Debit Card,K. Yadav
ORD-10657,1153,2025-09-02 21:54:09,Customer 342,North,Uttar Pradesh,Electronics,Laptop,5,315511.55,15,268184.82,48520.07,Net Banking,S. Verma
ORD-10853,1246,2025-09-02 22:31:56,Customer 123,West,Goa,Furniture,Office Chair,1,10055.52,10,9049.97,1660.51,Debit Card,K. Yadav
ORD-11850,1156,2025-09-03 12:05:22,Customer 23,West,Maharashtra,Electronics,Monitor,4,76746.84,0,76746.84,17505.38,Debit Card,N. Gupta
ORD-10414,1198,2025-09-03 12:05:31,Customer 400,East,Jharkhand,Electronics,Monitor,5,95258.51,10,85732.66,7095.35,UPI,N. Gupta
ORD-11083,1106,2025-09-03 12:29:52,Customer 122,Central,Chhattisgarh,Electronics,Laptop,5,323119.55,10,290807.59,56469.96,Cash,K. Yadav
ORD-10069,1259,2025-09-03 23:49:52,Customer 390,North,Punjab,Electronics,Smartphone,5,153978.9,15,130882.06,17604.84,Credit Card,P. Sharma
ORD-11873,1397,2025-09-04 04:19:50,Customer 86,Central,Madhya Pradesh,Accessories,USB Hub,3,4006.65,5,3806.32,631.82,Debit Card,N. Gupta
ORD-10808,1086,2025-09-04 06:02:03,Customer 295,North,Punjab,Accessories,Backpack,4,9994.09,5,9494.39,1138.02,Cash,S. Verma
ORD-10206,1057,2025-09-04 13:18:57,Customer 330,South,Karnataka,Electronics,Smartphone,1,30214.73,0,30214.73,5828.78,Credit Card,R. Singh
ORD-11506,1074,2025-09-04 16:46:24,Customer 123,West,Goa,Electronics,Headphones,1,5007.55,10,4506.79,918.12,UPI,A. Kumar
ORD-11656,1300,2025-09-04 16:58:30,Customer 327,South,Kerala,Electronics,Laptop,3,183346.58,10,165011.92,31759.52,Credit Card,R. Singh
ORD-10922,1307,2025-09-04 18:49:19,Customer 136,Central,Chhattisgarh,Electronics,Tablet,1,21306.53,5,20241.2,2417.13,Net Banking,R. Singh
ORD-11385,1374,2025-09-04 19:53:29,Customer 284,East,Odisha,Electronics,Tablet,2,43037.56,5,40885.68,7365.01,Cash,P. Sharma
ORD-11976,1292,2025-09-04 21:09:37,Customer 441,East,West Bengal,Office Supplies,Notebook,3,878.93,10,791.04,135.9,Cash,K. Yadav
ORD-11225,1050,2025-09-05 04:24:25,Customer 175,North,Haryana,Electronics,Smartphone,3,92733.49,15,78823.47,12894.82,Credit Card,A. Kumar
ORD-10332,1335,2025-09-05 20:26:59,Customer 448,West,Rajasthan,Electronics,Laptop,1,59704.21,5,56719.0,12288.08,Net Banking,R. Singh
ORD-11054,1256,2025-09-05 21:19:29,Customer 173,South,Karnataka,Electronics,Laptop,4,273009.13,10,245708.22,32346.8,Debit Card,K. Yadav
ORD-10689,1315,2025-09-06 02:04:24,Customer 112,South,Telangana,Electronics,Headphones,3,15103.15,10,13592.83,1864.56,Credit Card,K. Yadav
ORD-10835,1094,2025-09-06 08:20:34,Customer 437,South,Telangana,Electronics,Monitor,1,19333.0,5,18366.35,2846.95,Cash,N. Gupta
ORD-11853,1378,2025-09-06 09:12:59,Customer 259,East,Jharkhand,Office Supplies,Stapler,1,406.82,10,366.14,91.2,Credit Card,N. Gupta
ORD-11632,1237,2025-09-06 20:37:51,Customer 209,South,Kerala,Electronics,Laptop,2,123362.97,15,104858.52,23448.14,Cash,P. Sharma
ORD-10458,1268,2025-09-06 23:45:40,Customer 74,North,Uttar Pradesh,Electronics,Tablet,5,102798.45,15,87378.68,14418.35,Cash,A. Kumar
ORD-11824,1345,2025-09-07 09:32:24,Customer 291,West,Gujarat,Furniture,Sofa,4,105564.46,20,84451.57,18519.63,Net Banking,A. Kumar
ORD-10791,1035,2025-09-07 10:12:43,Customer 359,Central,Chhattisgarh,Furniture,Office Chair,1,8719.28,0,8719.28,1746.67,Net Banking,K. Yadav
ORD-10777,1294,2025-09-07 11:23:12,Customer 170,West,Maharashtra,Electronics,Laptop,4,244288.4,10,219859.56,22379.94,Net Banking,K. Yadav
ORD-10567,1330,2025-09-07 16:30:33,Customer 436,South,Telangana,Electronics,Smartphone,2,64142.94,15,54521.5,13284.96,UPI,K. Yadav
ORD-11434,1374,2025-09-07 17:58:16,Customer 342,East,Jharkhand,Office Supplies,File Folder,3,553.67,10,498.3,53.03,Credit Card,P. Sharma
ORD-10595,1139,2025-09-08 10:09:58,Customer 314,West,Maharashtra,Furniture,Table,5,50086.23,5,47581.92,8120.45,Net Banking,R. Singh
ORD-11266,1397,2025-09-08 18:52:03,Customer 228,North,Uttar Pradesh,Accessories,Keyboard,5,9760.93,10,8784.84,745.88,Debit Card,S. Verma
ORD-11390,1123,2025-09-08 19:11:50,Customer 360,South,Karnataka,Furniture,Bookshelf,3,22853.3,15,19425.3,4304.52,Net Banking,N. Gupta
ORD-10317,1168,2025-09-08 19:31:47,Customer 114,South,Telangana,Office Supplies,Notebook,5,1677.65,10,1509.89,334.77,Cash,R. Singh
ORD-10354,1296,2025-09-09 08:39:35,Customer 296,South,Kerala,Furniture,Desk,4,48461.48,10,43615.33,10794.87,Cash,R. Singh
ORD-11910,1229,2025-09-09 10:36:05,Customer 30,East,Bihar,Electronics,Monitor,5,103083.83,15,87621.26,21502.66,Net Banking,N. Gupta
ORD-10744,1175,2025-09-09 13:19:37,Customer 184,South,Telangana,Furniture,Bookshelf,5,34717.45,0,34717.45,4604.83,Credit Card,A. Kumar
ORD-10056,1347,2025-09-09 18:17:22,Customer 447,South,Kerala,Electronics,Monitor,2,35555.29,10,31999.76,4693.77,Credit Card,S. Verma
ORD-11356,1100,2025-09-09 19:18:10,Customer 378,South,Telangana,Electronics,Tablet,2,41021.02,15,34867.87,6098.63,Cash,R. Singh
ORD-10350,1438,2025-09-09 19:44:25,Customer 75,East,Jharkhand,Furniture,Table,5,52306.25,15,44460.31,8413.59,Cash,R. Singh
ORD-11278,1180,2025-09-10 02:19:14,Customer 119,South,Tamil Nadu,Accessories,Mouse,4,3574.71,0,3574.71,369.27,Net Banking,N. Gupta
ORD-11962,1111,2025-09-10 10:28:17,Customer 15,Central,Chhattisgarh,Furniture,Table,4,42942.24,0,42942.24,8875.12,UPI,P. Sharma
ORD-11719,1218,2025-09-10 12:00:36,Customer 340,South,Telangana,Office Supplies,File Folder,3,569.04,10,512.14,66.61,Credit Card,R. Singh
ORD-10650,1049,2025-09-10 17:23:47,Customer 277,East,Bihar,Electronics,Laptop,4,238276.88,10,214449.19,25840.18,Net Banking,S. Verma
ORD-11516,1258,2025-09-11 00:05:16,Customer 364,South,Telangana,Furniture,Table,5,50045.44,5,47543.17,11350.29,UPI,K. Yadav
ORD-11965,1272,2025-09-11 05:03:15,Customer 38,South,Telangana,Electronics,Tablet,1,24682.12,5,23448.01,2640.38,Net Banking,S. Verma
ORD-11732,1398,2025-09-11 08:23:37,Customer 306,West,Gujarat,Furniture,Sofa,3,76799.58,20,61439.66,8031.4,Credit Card,P. Sharma
ORD-10261,1294,2025-09-11 14:36:00,Customer 343,East,West Bengal,Office Supplies,Printer,1,15416.73,0,15416.73,1957.14,Credit Card,A. Kumar
ORD-11614,1036,2025-09-11 14:51:04,Customer 212,South,Kerala,Office Supplies,Pen Set,4,1040.12,0,1040.12,199.11,Net Banking,K. Yadav
ORD-10876,1225,2025-09-11 15:45:33,Customer 204,Central,Chhattisgarh,Accessories,Keyboard,4,7043.85,15,5987.27,702.97,Cash,S. Verma
ORD-10341,1077,2025-09-11 16:18:45,Customer 402,West,Goa,Accessories,Keyboard,3,5554.17,10,4998.75,770.76,Credit Card,R. Singh
ORD-10779,1202,2025-09-12 00:54:42,Customer 101,East,West Bengal,Office Supplies,File Folder,1,175.43,15,149.12,17.76,Debit Card,N. Gupta
ORD-11677,1047,2025-09-12 13:04:53,Customer 89,Central,Madhya Pradesh,Electronics,Smartphone,2,61752.88,15,52489.95,11248.0,Debit Card,P. Sharma
ORD-11879,1389,2025-09-12 15:28:08,Customer 162,South,Telangana,Office Supplies,Stapler,4,1821.47,0,1821.47,344.19,Credit Card,S. Verma
ORD-11311,1002,2025-09-12 16:14:33,Customer 195,North,Punjab,Accessories,Mouse,4,3330.5,5,3163.98,779.77,Cash,S. Verma
ORD-11784,1202,2025-09-12 16:25:16,Customer 289,South,Kerala,Electronics,Smartphone,2,68362.36,10,61526.12,7100.77,Credit Card,K. Yadav
ORD-10471,1245,2025-09-12 16:25:57,Customer 291,East,Odisha,Furniture,Table,1,10488.42,10,9439.58,1432.67,Net Banking,P. Sharma
ORD-11088,1263,2025-09-12 17:53:10,Customer 306,South,Telangana,Furniture,Desk,1,11674.73,0,11674.73,2631.52,Credit Card,P. Sharma
ORD-11004,1083,2025-09-13 07:56:27,Customer 68,West,Gujarat,Electronics,Tablet,3,74800.7,5,71060.66,17032.31,UPI,R. Singh
ORD-10322,1035,2025-09-13 12:20:54,Customer 150,South,Karnataka,Accessories,Keyboard,1,1666.16,5,1582.85,275.53,UPI,K. Yadav
ORD-10625,1210,2025-09-13 12:55:04,Customer 304,East,Bihar,Accessories,Backpack,2,5180.16,10,4662.14,972.88,Net Banking,P. Sharma
ORD-11291,1336,2025-09-13 15:53:39,Customer 328,West,Goa,Furniture,Table,1,11268.16,10,10141.34,1333.22,Credit Card,K. Yadav
ORD-11839,1301,2025-09-13 17:26:48,Customer 171,South,Karnataka,Office Supplies,Printer,3,50971.59,0,50971.59,4340.08,Cash,K. Yadav
ORD-10158,1160,2025-09-13 22:09:14,Customer 138,North,Haryana,Accessories,Keyboard,5,8315.36,0,8315.36,1572.73,UPI,K. Yadav
ORD-11108,1319,2025-09-14 01:28:28,Customer 120,West,Gujarat,Electronics,Monitor,4,66041.77,20,52833.42,12194.94,UPI,P. Sharma
ORD-10280,1358,2025-09-14 07:04:21,Customer 466,East,Odisha,Furniture,Sofa,3,76105.57,15,64689.73,7111.75,Credit Card,K. Yadav
ORD-11056,1412,2025-09-14 07:35:08,Customer 282,South,Tamil Nadu,Electronics,Laptop,1,66529.54,10,59876.59,10329.55,Cash,K. Yadav
ORD-10894,1434,2025-09-14 08:38:10,Customer 48,North,Haryana,Furniture,Sofa,1,23488.29,5,22313.88,1862.92,Debit Card,K. Yadav
ORD-10053,1083,2025-09-14 12:50:24,Customer 85,Central,Madhya Pradesh,Office Supplies,Pen Set,5,1307.86,10,1177.07,245.66,UPI,K. Yadav
ORD-10786,1205,2025-09-14 19:18:23,Customer 256,North,Uttar Pradesh,Accessories,Webcam,2,7577.49,0,7577.49,1482.46,Debit Card,K. Yadav
ORD-10205,1043,2025-09-14 22:05:28,Customer 423,West,Rajasthan,Electronics,Laptop,1,74433.4,5,70711.73,10513.15,UPI,A. Kumar
ORD-11064,1058,2025-09-14 23:45:39,Customer 328,South,Tamil Nadu,Furniture,Table,3,29510.42,5,28034.9,5484.31,Net Banking,P. Sharma
ORD-11519,1243,2025-09-15 18:03:36,Customer 479,Central,Chhattisgarh,Furniture,Bookshelf,5,34804.52,15,29583.84,4312.79,Cash,S. Verma
ORD-10983,1137,2025-09-15 19:36:51,Customer 301,West,Gujarat,Office Supplies,Stapler,5,1905.58,10,1715.02,143.04,Credit Card,N. Gupta
ORD-10645,1331,2025-09-15 22:02:29,Customer 104,East,West Bengal,Furniture,Bookshelf,4,25427.41,10,22884.67,3928.45,UPI,R. Singh
ORD-11804,1077,2025-09-16 04:53:24,Customer 297,West,Goa,Furniture,Table,3,32375.44,15,27519.12,3475.04,Credit Card,K. Yadav
ORD-10388,1246,2025-09-16 05:30:47,Customer 280,West,Goa,Electronics,Headphones,2,9420.51,15,8007.43,1398.87,Debit Card,A. Kumar
ORD-11160,1271,2025-09-16 07:28:46,Customer 85,South,Kerala,Furniture,Sofa,3,72438.82,0,72438.82,11896.49,Credit Card,A. Kumar
ORD-11594,1356,2025-09-17 05:18:56,Customer 134,West,Goa,Electronics,Monitor,3,48962.5,10,44066.25,4318.67,Net Banking,N. Gupta
ORD-10954,1082,2025-09-17 14:03:33,Customer 240,Central,Madhya Pradesh,Furniture,Desk,3,41004.18,5,38953.97,6537.76,Cash,A. Kumar
ORD-10900,1379,2025-09-17 16:31:04,Customer 107,West,Gujarat,Office Supplies,File Folder,2,354.68,15,301.48,33.96,Credit Card,N. Gupta
ORD-10190,1420,2025-09-17 23:10:13,Customer 234,North,Uttar Pradesh,Office Supplies,Pen Set,3,803.98,5,763.78,131.05,Credit Card,P. Sharma
ORD-11415,1017,2025-09-17 23:53:57,Customer 339,East,Bihar,Electronics,Monitor,3,56736.85,5,53900.01,9278.67,Net Banking,K. Yadav
ORD-10108,1072,2025-09-18 01:44:51,Customer 349,East,Jharkhand,Furniture,Bookshelf,5,40155.37,10,36139.83,3290.45,Net Banking,R. Singh
ORD-10385,1013,2025-09-18 02:40:06,Customer 384,South,Telangana,Electronics,Tablet,2,50282.66,10,45254.39,9119.12,Cash,R. Singh
ORD-11189,1270,2025-09-18 04:06:51,Customer 459,North,Haryana,Accessories,Backpack,2,5627.93,15,4783.74,713.96,UPI,N. Gupta
ORD-11256,1208,2025-09-18 13:41:49,Customer 333,West,Rajasthan,Accessories,Backpack,1,2369.93,10,2132.94,190.11,Cash,N. Gupta
ORD-11472,1447,2025-09-18 15:44:46,Customer 133,West,Goa,Accessories,Mouse,3,2536.52,5,2409.69,538.58,Net Banking,S. Verma
ORD-10241,1305,2025-09-18 18:17:09,Customer 64,Central,Chhattisgarh,Office Supplies,Stapler,3,1182.18,0,1182.18,176.9,Net Banking,P. Sharma
ORD-10464,1387,2025-09-19 02:02:50,Customer 166,Central,Chhattisgarh,Electronics,Laptop,3,200390.31,0,200390.31,26662.11,Net Banking,K. Yadav
ORD-11592,1412,2025-09-19 05:06:49,Customer 282,Central,Madhya Pradesh,Electronics,Smartphone,2,55866.61,10,50279.95,7283.04,Credit Card,S. Verma
ORD-11174,1097,2025-09-19 14:34:09,Customer 290,Central,Chhattisgarh,Furniture,Desk,2,23892.69,10,21503.42,1975.38,Cash,R. Singh
ORD-10307,1219,2025-09-20 00:41:00,Customer 495,North,Haryana,Electronics,Monitor,2,38608.01,0,38608.01,6996.2,Cash,R. Singh
ORD-10319,1133,2025-09-20 02:12:00,Customer 202,North,Haryana,Office Supplies,Notebook,1,289.52,5,275.04,29.51,Cash,N. Gupta
ORD-11589,1126,2025-09-20 04:15:09,Customer 140,West,Gujarat,Accessories,Mouse,5,5033.75,5,4782.06,647.4,Debit Card,K. Yadav
ORD-10997,1108,2025-09-20 07:39:12,Customer 161,North,Uttar Pradesh,Electronics,Monitor,2,41395.55,15,35186.22,8159.26,Credit Card,S. Verma
ORD-11407,1240,2025-09-20 16:38:24,Customer 358,East,Jharkhand,Electronics,Tablet,5,121406.89,15,103195.86,12550.46,UPI,S. Verma
ORD-11863,1095,2025-09-20 17:38:20,Customer 361,Central,Chhattisgarh,Electronics,Headphones,4,21510.57,10,19359.51,3060.39,Credit Card,N. Gupta
ORD-10097,1201,2025-09-20 19:52:57,Customer 450,South,Telangana,Furniture,Bookshelf,3,23318.03,15,19820.33,4804.25,Net Banking,A. Kumar
ORD-11753,1003,2025-09-20 20:41:50,Customer 102,North,Delhi,Electronics,Monitor,2,32471.59,15,27600.85,2463.26,UPI,P. Sharma
ORD-11410,1173,2025-09-21 00:43:38,Customer 498,North,Delhi,Electronics,Smartphone,2,67370.15,10,60633.13,10517.84,Debit Card,A. Kumar
ORD-10959,1146,2025-09-21 02:21:37,Customer 286,West,Gujarat,Electronics,Headphones,2,10175.62,20,8140.5,811.32,Credit Card,N. Gupta
ORD-10811,1307,2025-09-21 03:49:52,Customer 375,North,Haryana,Furniture,Sofa,1,27117.51,15,23049.88,3599.25,Credit Card,S. Verma
ORD-11395,1256,2025-09-21 05:41:07,Customer 49,North,Punjab,Office Supplies,Notebook,3,969.73,10,872.76,99.21,Debit Card,A. Kumar
ORD-11283,1199,2025-09-21 07:10:58,Customer 314,Central,Chhattisgarh,Accessories,Keyboard,5,10242.95,15,8706.51,1408.53,UPI,A. Kumar
ORD-10085,1285,2025-09-21 10:45:00,Customer 477,North,Haryana,Furniture,Table,3,28574.29,15,24288.15,2790.07,Debit Card,P. Sharma
ORD-11173,1019,2025-09-21 10:57:23,Customer 471,North,Delhi,Furniture,Sofa,2,56063.99,0,56063.99,6087.17,Debit Card,R. Singh
ORD-10570,1059,2025-09-21 14:36:00,Customer 243,South,Tamil Nadu,Electronics,Smartphone,3,102961.94,5,97813.84,11285.57,UPI,P. Sharma
ORD-11314,1035,2025-09-21 14:50:26,Customer 199,West,Gujarat,Electronics,Headphones,1,5390.72,10,4851.65,707.5,Net Banking,N. Gupta
ORD-10969,1221,2025-09-21 15:45:56,Customer 421,South,Telangana,Furniture,Desk,5,60245.24,15,51208.45,12690.4,UPI,S. Verma
ORD-11619,1143,2025-09-21 16:07:53,Customer 42,East,West Bengal,Electronics,Smartphone,1,31065.31,10,27958.78,5129.24,Debit Card,A. Kumar
ORD-11494,1366,2025-09-21 17:41:45,Customer 335,West,Maharashtra,Electronics,Smartphone,2,60788.0,10,54709.2,4680.45,Credit Card,N. Gupta
ORD-11580,1283,2025-09-21 22:06:06,Customer 352,South,Telangana,Office Supplies,File Folder,2,334.15,10,300.73,61.52,Cash,A. Kumar
ORD-11643,1303,2025-09-21 22:28:46,Customer 499,Central,Chhattisgarh,Electronics,Smartphone,4,108296.5,5,102881.68,13523.77,Net Banking,P. Sharma
ORD-11020,1140,2025-09-22 03:34:42,Customer 48,West,Gujarat,Electronics,Laptop,1,72051.14,10,64846.03,11979.58,Debit Card,A. Kumar
ORD-10182,1138,2025-09-22 10:57:41,Customer 111,East,Jharkhand,Furniture,Desk,5,62244.24,15,52907.6,4850.63,Cash,A. Kumar
ORD-11348,1341,2025-09-22 14:58:25,Customer 334,East,Odisha,Office Supplies,Pen Set,1,272.18,5,258.57,59.73,Credit Card,P. Sharma
ORD-10139,1266,2025-09-22 20:25:47,Customer 350,Central,Madhya Pradesh,Furniture,Bookshelf,2,12857.24,5,12214.38,2056.43,UPI,A. Kumar
ORD-11195,1058,2025-09-22 20:58:57,Customer 108,Central,Chhattisgarh,Electronics,Monitor,5,94574.43,5,89845.71,21233.47,Debit Card,R. Singh
ORD-11332,1381,2025-09-22 22:27:19,Customer 369,North,Uttar Pradesh,Furniture,Bookshelf,3,21783.69,0,21783.69,2941.98,Credit Card,N. Gupta
ORD-10540,1167,2025-09-23 01:51:44,Customer 477,East,Jharkhand,Office Supplies,Stapler,2,888.96,0,888.96,177.95,Credit Card,S. Verma
ORD-10212,1366,2025-09-23 09:46:29,Customer 275,North,Haryana,Electronics,Headphones,4,22101.89,5,20996.8,4530.29,UPI,S. Verma
ORD-11502,1291,2025-09-23 10:49:45,Customer 204,North,Haryana,Furniture,Bookshelf,1,6997.6,15,5947.96,1133.98,Credit Card,K. Yadav
ORD-10660,1384,2025-09-23 10:56:13,Customer 152,South,Karnataka,Furniture,Bookshelf,5,31930.05,5,30333.55,6503.13,Debit Card,R. Singh
ORD-10789,1110,2025-09-23 11:22:25,Customer 368,West,Rajasthan,Electronics,Smartphone,3,97856.05,5,92963.25,17090.94,Cash,K. Yadav
ORD-10734,1074,2025-09-23 12:08:28,Customer 186,North,Uttar Pradesh,Electronics,Laptop,4,279686.32,0,279686.32,31588.93,Debit Card,S. Verma
ORD-10344,1235,2025-09-23 18:13:13,Customer 355,East,Odisha,Electronics,Smartphone,1,32717.27,0,32717.27,7273.39,Debit Card,N. Gupta
ORD-11840,1006,2025-09-23 19:10:19,Customer 195,East,West Bengal,Electronics,Smartphone,3,98375.09,15,83618.83,7586.91,Net Banking,N. Gupta
ORD-10040,1403,2025-09-23 21:48:59,Customer 265,West,Goa,Furniture,Table,3,27749.89,0,27749.89,6741.89,Cash,K. Yadav
ORD-11435,1073,2025-09-24 01:21:51,Customer 18,Central,Madhya Pradesh,Accessories,Webcam,2,7849.46,10,7064.51,1548.58,Debit Card,K. Yadav
ORD-11544,1295,2025-09-24 06:47:15,Customer 396,West,Gujarat,Furniture,Desk,2,26346.96,10,23712.26,3692.43,Credit Card,R. Singh
ORD-10095,1292,2025-09-24 11:50:10,Customer 282,North,Uttar Pradesh,Furniture,Desk,2,22597.7,10,20337.93,1913.31,Net Banking,N. Gupta
ORD-11759,1066,2025-09-24 15:12:12,Customer 298,Central,Madhya Pradesh,Electronics,Tablet,5,109136.46,10,98222.81,16691.36,Net Banking,S. Verma
ORD-11105,1335,2025-09-24 17:16:22,Customer 266,East,Odisha,Office Supplies,Printer,3,46267.74,10,41640.97,10128.87,Net Banking,K. Yadav
ORD-10799,1437,2025-09-25 19:46:37,Customer 259,West,Maharashtra,Electronics,Headphones,2,11339.54,5,10772.56,1016.35,Debit Card,P. Sharma
ORD-11333,1222,2025-09-25 23:16:17,Customer 221,South,Tamil Nadu,Office Supplies,Printer,5,71899.17,5,68304.21,13639.46,Debit Card,K. Yadav
ORD-11163,1241,2025-09-26 01:00:13,Customer 143,Central,Chhattisgarh,Electronics,Laptop,5,363414.7,15,308902.5,51755.55,Net Banking,A. Kumar
ORD-10845,1142,2025-09-26 07:44:59,Customer 96,West,Gujarat,Electronics,Monitor,3,58869.51,0,58869.51,10432.32,Credit Card,K. Yadav
ORD-11219,1008,2025-09-26 12:21:28,Customer 284,North,Delhi,Electronics,Laptop,5,367516.7,0,367516.7,79587.23,Credit Card,P. Sharma
ORD-11914,1183,2025-09-26 15:19:28,Customer 205,South,Karnataka,Accessories,Backpack,4,9264.7,15,7875.0,1690.94,Debit Card,R. Singh
ORD-10905,1161,2025-09-26 23:04:05,Customer 376,North,Delhi,Accessories,Keyboard,1,1801.04,5,1710.99,171.3,UPI,A. Kumar
ORD-10293,1306,2025-09-27 05:18:21,Customer 190,West,Goa,Electronics,Tablet,4,95521.72,15,81193.46,12328.98,Net Banking,A. Kumar
ORD-11234,1324,2025-09-27 08:12:52,Customer 309,East,Jharkhand,Electronics,Tablet,4,85227.79,10,76705.01,18637.58,Credit Card,K. Yadav
ORD-11600,1108,2025-09-27 09:34:14,Customer 42,West,Gujarat,Furniture,Bookshelf,2,14644.77,5,13912.53,1194.29,Net Banking,K. Yadav
ORD-11738,1265,2025-09-27 10:54:26,Customer 193,East,Odisha,Office Supplies,Printer,2,30332.51,10,27299.26,4224.85,Credit Card,K. Yadav
ORD-11849,1419,2025-09-27 11:25:10,Customer 181,North,Punjab,Office Supplies,Printer,2,28815.3,10,25933.77,2705.84,Net Banking,N. Gupta
ORD-11185,1172,2025-09-27 13:05:51,Customer 180,East,West Bengal,Office Supplies,Pen Set,4,1141.74,5,1084.65,226.25,Credit Card,N. Gupta
ORD-11134,1430,2025-09-27 17:42:44,Customer 87,West,Gujarat,Office Supplies,Pen Set,4,973.9,15,827.82,205.22,Net Banking,P. Sharma
ORD-11512,1133,2025-09-28 05:29:35,Customer 199,South,Telangana,Furniture,Desk,5,62892.78,10,56603.5,7448.59,Debit Card,N. Gupta
ORD-11138,1009,2025-09-28 05:42:12,Customer 445,West,Gujarat,Office Supplies,Pen Set,4,1023.37,0,1023.37,158.06,Net Banking,A. Kumar
ORD-10898,1430,2025-09-28 07:42:14,Customer 40,West,Goa,Electronics,Laptop,2,141563.22,20,113250.58,11265.34,Net Banking,R. Singh
ORD-11554,1145,2025-09-28 09:31:15,Customer 309,West,Maharashtra,Office Supplies,Printer,1,17211.46,5,16350.89,3665.48,Cash,P. Sharma
ORD-11098,1195,2025-09-28 17:16:58,Customer 306,West,Goa,Electronics,Headphones,1,4888.8,5,4644.36,639.59,Debit Card,R. Singh
ORD-10605,1090,2025-09-28 17:58:28,Customer 60,North,Haryana,Electronics,Laptop,2,145394.54,0,145394.54,33051.27,Debit Card,P. Sharma
ORD-11736,1056,2025-09-29 00:57:04,Customer 360,Central,Madhya Pradesh,Office Supplies,File Folder,2,369.37,15,313.96,54.47,Debit Card,P. Sharma
ORD-10242,1344,2025-09-29 04:12:42,Customer 67,West,Goa,Accessories,Keyboard,4,6781.25,20,5425.0,644.72,Debit Card,N. Gupta
ORD-11778,1156,2025-09-29 05:03:12,Customer 488,West,Gujarat,Office Supplies,Notebook,3,889.79,0,889.79,220.45,Cash,S. Verma
ORD-10400,1311,2025-09-29 12:54:11,Customer 285,East,Bihar,Furniture,Sofa,3,71554.7,5,67976.96,8863.29,Cash,A. Kumar
ORD-11006,1204,2025-09-29 14:23:22,Customer 406,East,Jharkhand,Accessories,USB Hub,2,2180.58,10,1962.52,250.11,UPI,N. Gupta
ORD-10576,1002,2025-09-29 17:57:06,Customer 297,South,Telangana,Electronics,Tablet,1,25220.8,10,22698.72,2755.95,Debit Card,R. Singh
ORD-10116,1082,2025-09-29 18:24:35,Customer 258,North,Haryana,Accessories,Mouse,2,1988.98,5,1889.53,443.06,Net Banking,N. Gupta
ORD-10426,1093,2025-09-29 19:04:12,Customer 79,North,Punjab,Electronics,Tablet,4,101150.49,10,91035.44,12772.62,UPI,R. Singh
ORD-10230,1136,2025-09-29 23:35:06,Customer 404,East,Jharkhand,Electronics,Laptop,5,336131.86,15,285712.08,25261.08,Cash,A. Kumar
ORD-11087,1016,2025-09-30 00:06:37,Customer 265,Central,Madhya Pradesh,Electronics,Tablet,5,100646.55,20,80517.24,13955.39,Net Banking,S. Verma
ORD-10692,1236,2025-09-30 00:34:06,Customer 342,South,Telangana,Furniture,Office Chair,5,42745.18,0,42745.18,8094.78,UPI,S. Verma
ORD-10453,1221,2025-09-30 02:14:42,Customer 407,North,Punjab,Electronics,Laptop,4,241910.19,10,217719.17,29116.28,Debit Card,A. Kumar
ORD-11916,1141,2025-09-30 03:07:25,Customer 166,South,Karnataka,Furniture,Office Chair,4,36928.96,5,35082.51,8601.09,Cash,S. Verma
ORD-10520,1078,2025-09-30 09:24:26,Customer 42,West,Goa,Electronics,Smartphone,2,65271.35,15,55480.65,10820.11,Cash,N. Gupta
ORD-10377,1277,2025-09-30 09:56:39,Customer 377,Central,Madhya Pradesh,Electronics,Headphones,2,9749.86,10,8774.87,1349.17,Credit Card,N. Gupta
ORD-10891,1331,2025-09-30 15:08:41,Customer 59,West,Maharashtra,Office Supplies,Notebook,3,971.18,5,922.62,89.25,Debit Card,R. Singh
ORD-10832,1252,2025-10-01 12:26:51,Customer 355,West,Rajasthan,Furniture,Sofa,2,54806.71,0,54806.71,9237.59,Net Banking,K. Yadav
ORD-11607,1187,2025-10-01 13:07:22,Customer 148,South,Kerala,Accessories,USB Hub,5,5939.94,10,5345.95,1265.78,Cash,P. Sharma
ORD-11359,1225,2025-10-01 16:24:46,Customer 150,Central,Chhattisgarh,Furniture,Bookshelf,3,20727.4,0,20727.4,4139.39,UPI,R. Singh
ORD-11555,1292,2025-10-01 17:07:11,Customer 263,East,Jharkhand,Furniture,Sofa,1,25352.18,5,24084.57,2778.72,Credit Card,K. Yadav
ORD-11808,1363,2025-10-01 20:03:01,Customer 452,South,Telangana,Furniture,Desk,4,54679.05,20,43743.24,10311.16,Cash,S. Verma
ORD-11766,1202,2025-10-02 00:29:24,Customer 221,Central,Chhattisgarh,Electronics,Tablet,2,46297.75,15,39353.09,4818.21,Debit Card,A. Kumar
ORD-11142,1254,2025-10-02 06:13:50,Customer 287,South,Kerala,Office Supplies,Notebook,3,973.06,5,924.41,123.19,Credit Card,R. Singh
ORD-10546,1017,2025-10-02 06:20:35,Customer 134,East,West Bengal,Electronics,Laptop,5,336765.09,0,336765.09,43528.15,Debit Card,N. Gupta
ORD-10298,1337,2025-10-02 06:52:50,Customer 474,Central,Madhya Pradesh,Electronics,Laptop,4,277618.59,10,249856.73,43320.82,Cash,S. Verma
ORD-11562,1440,2025-10-02 11:17:05,Customer 95,South,Karnataka,Office Supplies,Pen Set,2,460.57,0,460.57,78.8,Net Banking,A. Kumar
ORD-11953,1087,2025-10-02 17:53:04,Customer 194,West,Gujarat,Electronics,Laptop,5,324938.18,10,292444.36,43547.82,Debit Card,S. Verma
ORD-10127,1392,2025-10-03 03:52:42,Customer 214,Central,Chhattisgarh,Office Supplies,Notebook,3,966.37,15,821.41,174.61,Debit Card,A. Kumar
ORD-11182,1152,2025-10-03 04:32:43,Customer 289,West,Rajasthan,Electronics,Laptop,1,70116.41,10,63104.77,12198.88,Cash,S. Verma
ORD-11599,1405,2025-10-03 09:29:15,Customer 357,South,Telangana,Electronics,Smartphone,5,164675.31,10,148207.78,18541.1,Cash,A. Kumar
ORD-10656,1340,2025-10-03 10:28:16,Customer 52,North,Haryana,Office Supplies,Notebook,2,606.31,5,575.99,97.18,Debit Card,P. Sharma
ORD-10989,1071,2025-10-03 12:27:52,Customer 342,West,Goa,Furniture,Office Chair,1,8927.23,10,8034.51,1330.85,Credit Card,N. Gupta
ORD-10823,1366,2025-10-03 13:19:12,Customer 448,East,Jharkhand,Electronics,Tablet,1,24953.22,5,23705.56,4572.63,UPI,A. Kumar
ORD-10348,1327,2025-10-03 23:55:47,Customer 193,Central,Madhya Pradesh,Office Supplies,Printer,1,13761.75,10,12385.57,2565.36,Cash,K. Yadav
ORD-10970,1006,2025-10-04 02:08:20,Customer 73,South,Kerala,Furniture,Desk,2,27012.73,15,22960.82,5469.56,Credit Card,S. Verma
ORD-10313,1168,2025-10-04 05:16:22,Customer 369,East,Odisha,Accessories,USB Hub,1,1244.06,10,1119.65,222.98,Net Banking,S. Verma
ORD-11019,1052,2025-10-04 05:27:51,Customer 72,East,Jharkhand,Accessories,USB Hub,5,6733.04,5,6396.39,816.41,Cash,N. Gupta
ORD-10225,1172,2025-10-04 06:56:32,Customer 201,West,Rajasthan,Electronics,Smartphone,5,154554.21,0,154554.21,34208.02,Net Banking,A. Kumar
ORD-11720,1327,2025-10-04 10:08:26,Customer 10,South,Karnataka,Office Supplies,Notebook,2,625.47,5,594.2,125.75,UPI,R. Singh
ORD-10001,1088,2025-10-05 13:30:28,Customer 100,West,Maharashtra,Electronics,Headphones,5,23475.12,5,22301.36,2004.32,Debit Card,K. Yadav
ORD-10847,1045,2025-10-05 15:51:04,Customer 348,West,Gujarat,Electronics,Monitor,3,57634.97,0,57634.97,11932.96,UPI,P. Sharma
ORD-11796,1287,2025-10-05 21:32:00,Customer 50,East,Jharkhand,Electronics,Laptop,3,202836.42,10,182552.78,26015.09,UPI,N. Gupta
ORD-11265,1227,2025-10-05 22:43:47,Customer 490,North,Punjab,Furniture,Office Chair,4,39018.73,15,33165.92,7956.78,Cash,K. Yadav
ORD-10337,1204,2025-10-06 02:23:05,Customer 300,Central,Madhya Pradesh,Office Supplies,Pen Set,1,240.09,5,228.09,34.72,Debit Card,A. Kumar
ORD-10677,1009,2025-10-06 05:03:55,Customer 381,North,Haryana,Electronics,Monitor,1,16990.11,5,16140.6,3802.38,UPI,A. Kumar
ORD-10682,1287,2025-10-06 14:01:52,Customer 495,North,Uttar Pradesh,Electronics,Tablet,4,84026.57,10,75623.91,11619.81,UPI,P. Sharma
ORD-10870,1166,2025-10-06 17:12:46,Customer 87,Central,Chhattisgarh,Furniture,Bookshelf,3,23618.78,15,20075.96,4885.96,Credit Card,K. Yadav
ORD-10121,1375,2025-10-06 18:55:24,Customer 157,South,Karnataka,Electronics,Headphones,4,20130.91,10,18117.82,1953.39,Debit Card,S. Verma
ORD-10038,1192,2025-10-06 23:27:30,Customer 177,Central,Chhattisgarh,Office Supplies,File Folder,5,873.46,5,829.79,172.27,Debit Card,S. Verma
ORD-11876,1097,2025-10-07 06:48:18,Customer 314,North,Uttar Pradesh,Electronics,Tablet,4,97166.93,20,77733.54,12309.09,Credit Card,R. Singh
ORD-10483,1147,2025-10-07 12:20:17,Customer 10,Central,Madhya Pradesh,Furniture,Desk,5,59899.81,10,53909.83,5778.03,Credit Card,N. Gupta
ORD-10492,1101,2025-10-07 12:29:32,Customer 82,Central,Madhya Pradesh,Furniture,Table,2,20672.8,5,19639.16,2126.12,UPI,A. Kumar
ORD-10345,1074,2025-10-07 12:29:48,Customer 427,Central,Madhya Pradesh,Furniture,Office Chair,4,41316.11,15,35118.69,5450.07,UPI,S. Verma
ORD-11971,1433,2025-10-07 18:59:22,Customer 78,South,Kerala,Furniture,Office Chair,3,25057.34,15,21298.74,3818.51,Debit Card,P. Sharma
ORD-11166,1400,2025-10-07 19:52:47,Customer 18,West,Goa,Electronics,Headphones,2,10901.4,10,9811.26,1356.82,Credit Card,R. Singh
ORD-10754,1141,2025-10-07 21:41:21,Customer 199,South,Tamil Nadu,Office Supplies,Notebook,5,1579.76,10,1421.78,246.1,Net Banking,R. Singh
ORD-10775,1346,2025-10-07 23:23:45,Customer 336,East,West Bengal,Accessories,Webcam,4,14446.1,0,14446.1,1157.63,Net Banking,N. Gupta
ORD-11660,1110,2025-10-08 01:41:56,Customer 297,East,Odisha,Electronics,Laptop,2,141195.87,0,141195.87,34861.32,UPI,K. Yadav
ORD-11925,1141,2025-10-08 03:56:46,Customer 406,Central,Madhya Pradesh,Office Supplies,Printer,3,48518.47,20,38814.78,6676.97,Net Banking,P. Sharma
ORD-10671,1122,2025-10-08 07:25:53,Customer 337,East,Odisha,Electronics,Smartphone,2,65113.25,10,58601.93,8230.06,Cash,R. Singh
ORD-11642,1021,2025-10-08 07:38:35,Customer 182,West,Rajasthan,Electronics,Tablet,2,43002.59,10,38702.33,4231.7,Cash,K. Yadav
ORD-10976,1327,2025-10-08 12:02:43,Customer 281,South,Karnataka,Accessories,Mouse,5,4588.87,0,4588.87,939.63,Debit Card,S. Verma
ORD-10104,1034,2025-10-08 14:03:09,Customer 251,North,Delhi,Office Supplies,File Folder,2,402.9,10,362.61,57.48,Net Banking,N. Gupta
ORD-11371,1053,2025-10-08 19:23:50,Customer 391,South,Karnataka,Furniture,Sofa,2,48180.26,0,48180.26,9953.51,UPI,R. Singh
ORD-11245,1057,2025-10-09 05:15:08,Customer 109,West,Gujarat,Electronics,Tablet,2,45904.41,15,39018.75,5553.67,Net Banking,A. Kumar
ORD-10573,1065,2025-10-09 08:31:00,Customer 128,West,Maharashtra,Electronics,Tablet,4,82365.1,0,82365.1,12511.29,Debit Card,K. Yadav
ORD-10390,1390,2025-10-10 02:19:35,Customer 122,Central,Madhya Pradesh,Furniture,Sofa,2,55305.89,0,55305.89,12255.68,Net Banking,K. Yadav
ORD-10099,1311,2025-10-10 03:20:16,Customer 303,South,Telangana,Furniture,Sofa,3,84699.63,0,84699.63,20458.38,Cash,K. Yadav
ORD-10776,1434,2025-10-10 09:08:56,Customer 450,South,Kerala,Office Supplies,Stapler,5,1866.73,15,1586.72,393.91,UPI,S. Verma
ORD-11226,1368,2025-10-10 12:23:23,Customer 497,North,Uttar Pradesh,Electronics,Laptop,2,120259.31,5,114246.34,16504.71,UPI,A. Kumar
ORD-11714,1170,2025-10-10 17:04:50,Customer 280,West,Rajasthan,Office Supplies,Pen Set,3,681.54,0,681.54,95.43,Debit Card,P. Sharma
ORD-10931,1401,2025-10-10 19:09:51,Customer 211,East,Bihar,Office Supplies,Stapler,5,2053.47,10,1848.12,346.81,Debit Card,N. Gupta
ORD-11089,1113,2025-10-10 19:56:37,Customer 352,South,Tamil Nadu,Furniture,Table,3,32951.93,5,31304.33,5467.48,Cash,R. Singh
ORD-10088,1264,2025-10-10 22:05:21,Customer 291,East,Jharkhand,Electronics,Headphones,1,5499.9,5,5224.9,997.78,Debit Card,S. Verma
ORD-10588,1367,2025-10-11 00:40:47,Customer 279,East,Jharkhand,Electronics,Headphones,4,21590.34,10,19431.31,3973.26,Credit Card,S. Verma
ORD-10129,1174,2025-10-11 01:08:09,Customer 498,Central,Chhattisgarh,Electronics,Monitor,2,35972.31,0,35972.31,6348.46,Credit Card,P. Sharma
ORD-10631,1219,2025-10-11 09:43:55,Customer 296,East,Jharkhand,Furniture,Bookshelf,3,22984.02,5,21834.82,3391.64,Credit Card,S. Verma
ORD-10500,1339,2025-10-11 12:40:01,Customer 44,West,Goa,Office Supplies,Pen Set,4,1075.22,15,913.94,138.11,Net Banking,K. Yadav
ORD-11878,1359,2025-10-11 20:29:49,Customer 100,East,Bihar,Office Supplies,File Folder,1,166.23,5,157.92,26.15,Debit Card,P. Sharma
ORD-10284,1248,2025-10-11 21:56:06,Customer 155,Central,Madhya Pradesh,Electronics,Tablet,4,93773.55,0,93773.55,12107.14,Credit Card,R. Singh
ORD-10024,1302,2025-10-12 05:01:40,Customer 95,West,Goa,Furniture,Table,3,32607.89,20,26086.31,3553.67,Debit Card,S. Verma
ORD-10445,1233,2025-10-12 05:10:24,Customer 51,East,Bihar,Accessories,Backpack,2,5592.88,15,4753.95,561.88,Debit Card,K. Yadav
ORD-10999,1376,2025-10-12 13:08:35,Customer 75,South,Telangana,Furniture,Office Chair,2,18586.18,5,17656.87,3805.34,Credit Card,P. Sharma
ORD-11104,1159,2025-10-12 13:10:34,Customer 335,East,Bihar,Furniture,Bookshelf,1,6541.32,10,5887.19,786.02,Credit Card,R. Singh
ORD-11886,1119,2025-10-13 04:50:49,Customer 132,West,Goa,Electronics,Tablet,2,40204.8,0,40204.8,4506.16,Debit Card,K. Yadav
ORD-11989,1263,2025-10-13 06:45:11,Customer 439,West,Rajasthan,Accessories,Backpack,3,6841.35,5,6499.28,960.94,Debit Card,R. Singh
ORD-10892,1335,2025-10-13 14:32:47,Customer 44,South,Kerala,Furniture,Table,1,11333.06,15,9633.1,2267.7,Credit Card,K. Yadav
ORD-10936,1409,2025-10-14 00:26:17,Customer 180,West,Gujarat,Electronics,Tablet,4,85027.06,5,80775.71,16188.67,Net Banking,R. Singh
ORD-11762,1190,2025-10-14 04:35:16,Customer 301,South,Karnataka,Office Supplies,Printer,2,29766.73,0,29766.73,6086.73,Cash,R. Singh
ORD-11718,1102,2025-10-14 14:26:29,Customer 19,West,Gujarat,Accessories,USB Hub,3,3899.64,5,3704.66,530.19,Cash,R. Singh
ORD-11521,1382,2025-10-14 17:18:51,Customer 414,North,Delhi,Office Supplies,File Folder,2,343.27,10,308.94,76.14,Debit Card,K. Yadav
ORD-11812,1372,2025-10-14 17:39:42,Customer 323,East,West Bengal,Office Supplies,Notebook,5,1525.42,10,1372.88,322.63,Debit Card,A. Kumar
ORD-11798,1359,2025-10-14 22:45:01,Customer 497,Central,Madhya Pradesh,Office Supplies,File Folder,2,379.62,10,341.66,50.23,UPI,N. Gupta
ORD-10563,1320,2025-10-15 04:47:33,Customer 21,East,Odisha,Furniture,Bookshelf,1,7834.96,5,7443.21,1292.12,Debit Card,K. Yadav
ORD-11080,1380,2025-10-15 07:29:10,Customer 81,East,West Bengal,Electronics,Headphones,5,28605.21,10,25744.69,3163.35,UPI,N. Gupta
ORD-10737,1173,2025-10-15 09:06:33,Customer 150,Central,Chhattisgarh,Electronics,Monitor,5,84789.91,15,72071.42,17833.2,Credit Card,S. Verma
ORD-11603,1101,2025-10-15 10:51:43,Customer 31,North,Delhi,Office Supplies,Stapler,1,456.0,5,433.2,88.07,Net Banking,P. Sharma
ORD-11374,1197,2025-10-16 00:42:03,Customer 225,East,Bihar,Accessories,Keyboard,5,8609.55,0,8609.55,2073.36,Debit Card,R. Singh
ORD-10839,1388,2025-10-16 05:15:13,Customer 348,Central,Chhattisgarh,Furniture,Office Chair,1,8913.98,0,8913.98,1662.01,UPI,S. Verma
ORD-11323,1113,2025-10-16 05:19:47,Customer 166,North,Delhi,Electronics,Smartphone,1,29589.03,5,28109.58,2271.7,UPI,P. Sharma
ORD-11722,1149,2025-10-16 05:28:16,Customer 123,West,Rajasthan,Electronics,Laptop,2,117027.75,5,111176.36,12454.73,Cash,N. Gupta
ORD-10735,1308,2025-10-16 05:36:54,Customer 473,North,Haryana,Accessories,Backpack,5,12350.97,5,11733.42,1037.97,Debit Card,S. Verma
ORD-10915,1316,2025-10-16 05:45:26,Customer 434,South,Kerala,Electronics,Smartphone,1,32997.59,10,29697.83,4865.19,Net Banking,S. Verma
ORD-10418,1111,2025-10-16 12:33:04,Customer 337,East,West Bengal,Electronics,Tablet,4,92019.72,15,78216.76,10604.63,Credit Card,N. Gupta
ORD-10320,1444,2025-10-16 15:26:18,Customer 312,South,Kerala,Office Supplies,Stapler,3,1113.13,5,1057.47,140.29,Credit Card,A. Kumar
ORD-10665,1188,2025-10-16 15:28:01,Customer 230,North,Delhi,Furniture,Desk,1,13520.6,10,12168.54,1150.15,Debit Card,R. Singh
ORD-10271,1134,2025-10-17 07:40:54,Customer 480,West,Gujarat,Accessories,Backpack,2,5462.7,15,4643.3,466.35,Net Banking,A. Kumar
ORD-10833,1257,2025-10-17 12:20:59,Customer 150,South,Karnataka,Office Supplies,Notebook,1,308.53,5,293.1,29.66,Debit Card,R. Singh
ORD-10440,1306,2025-10-17 12:58:51,Customer 345,North,Delhi,Furniture,Desk,3,37702.93,10,33932.64,5319.49,UPI,S. Verma
ORD-10820,1134,2025-10-17 17:08:16,Customer 8,East,West Bengal,Office Supplies,Notebook,2,612.96,5,582.31,109.75,UPI,R. Singh
ORD-10644,1404,2025-10-17 18:08:04,Customer 279,South,Telangana,Office Supplies,Pen Set,2,560.2,10,504.18,106.73,UPI,P. Sharma
ORD-11023,1242,2025-10-17 19:39:51,Customer 500,East,Bihar,Accessories,Keyboard,1,1704.42,0,1704.42,287.03,Net Banking,R. Singh
ORD-11745,1108,2025-10-18 06:02:13,Customer 147,West,Goa,Furniture,Sofa,5,124340.07,5,118123.07,20604.1,Net Banking,N. Gupta
ORD-10541,1255,2025-10-18 16:02:58,Customer 35,South,Kerala,Furniture,Sofa,3,74896.49,15,63662.02,7733.61,Credit Card,N. Gupta
ORD-11073,1316,2025-10-18 17:22:49,Customer 258,North,Delhi,Electronics,Smartphone,1,33350.41,5,31682.89,7877.06,Credit Card,R. Singh
ORD-11399,1060,2025-10-18 20:40:20,Customer 127,Central,Chhattisgarh,Accessories,Mouse,4,4048.82,20,3239.06,673.97,Net Banking,A. Kumar
ORD-10723,1203,2025-10-18 21:29:40,Customer 313,South,Kerala,Furniture,Office Chair,5,46227.53,0,46227.53,8505.01,UPI,S. Verma
ORD-10052,1385,2025-10-19 06:37:08,Customer 496,Central,Chhattisgarh,Furniture,Bookshelf,3,21887.68,0,21887.68,1888.03,Cash,A. Kumar
ORD-10552,1039,2025-10-19 20:03:28,Customer 45,South,Karnataka,Electronics,Monitor,1,16437.24,10,14793.52,2576.68,Debit Card,K. Yadav
ORD-10977,1262,2025-10-20 02:44:31,Customer 60,Central,Madhya Pradesh,Furniture,Table,5,57077.23,15,48515.65,5567.76,Cash,S. Verma
ORD-10526,1448,2025-10-20 11:05:01,Customer 492,South,Kerala,Accessories,USB Hub,2,2509.24,15,2132.85,484.03,Cash,R. Singh
ORD-10544,1252,2025-10-20 19:28:58,Customer 487,South,Karnataka,Furniture,Sofa,2,54829.15,10,49346.23,3970.42,Credit Card,K. Yadav
ORD-11353,1089,2025-10-20 22:05:36,Customer 204,East,West Bengal,Accessories,Backpack,2,4831.92,10,4348.73,874.45,Credit Card,N. Gupta
ORD-11627,1185,2025-10-21 05:17:48,Customer 353,West,Rajasthan,Office Supplies,Stapler,2,895.79,20,716.63,161.76,Net Banking,N. Gupta
ORD-11628,1170,2025-10-21 09:20:16,Customer 453,West,Rajasthan,Office Supplies,File Folder,5,820.33,5,779.31,116.9,Credit Card,A. Kumar
ORD-10433,1155,2025-10-21 18:38:30,Customer 393,South,Kerala,Accessories,Keyboard,2,3673.15,15,3122.18,754.29,Net Banking,S. Verma
ORD-10963,1168,2025-10-21 19:44:05,Customer 368,South,Karnataka,Electronics,Tablet,4,87023.68,15,73970.13,12333.5,Credit Card,A. Kumar
ORD-10517,1065,2025-10-21 21:20:03,Customer 11,South,Kerala,Electronics,Monitor,3,52663.05,5,50029.9,10436.07,Cash,P. Sharma
ORD-11811,1004,2025-10-22 01:55:44,Customer 299,West,Maharashtra,Accessories,USB Hub,4,5179.63,15,4402.69,448.59,Net Banking,P. Sharma
ORD-10869,1132,2025-10-22 06:01:35,Customer 372,Central,Madhya Pradesh,Office Supplies,Notebook,4,1229.86,0,1229.86,190.54,Credit Card,P. Sharma
ORD-10208,1381,2025-10-22 14:59:52,Customer 168,South,Kerala,Office Supplies,Stapler,5,2129.81,5,2023.32,249.75,Credit Card,S. Verma
ORD-10836,1072,2025-10-22 15:33:43,Customer 459,West,Goa,Furniture,Table,5,50397.56,15,42837.93,6794.85,UPI,P. Sharma
ORD-10617,1141,2025-10-22 23:33:24,Customer 260,North,Delhi,Office Supplies,Pen Set,5,1173.37,5,1114.7,136.36,Cash,K. Yadav
ORD-10401,1034,2025-10-23 01:08:28,Customer 427,West,Gujarat,Furniture,Desk,5,66410.35,10,59769.31,8211.14,Net Banking,S. Verma
ORD-10508,1390,2025-10-23 06:32:48,Customer 51,South,Karnataka,Office Supplies,File Folder,4,704.88,15,599.15,52.1,Credit Card,K. Yadav
ORD-11329,1226,2025-10-23 14:39:52,Customer 452,West,Rajasthan,Electronics,Smartphone,4,109032.11,10,98128.9,11097.18,Debit Card,R. Singh
ORD-10448,1151,2025-10-24 00:27:30,Customer 64,West,Rajasthan,Accessories,Backpack,2,5633.8,20,4507.04,520.17,Debit Card,R. Singh
ORD-10135,1420,2025-10-24 02:54:49,Customer 117,West,Goa,Furniture,Sofa,4,91002.73,15,77352.32,13797.71,Credit Card,S. Verma
ORD-11545,1333,2025-10-24 05:56:24,Customer 277,West,Goa,Electronics,Monitor,2,34969.03,10,31472.13,7756.28,UPI,A. Kumar
ORD-11585,1330,2025-10-24 07:40:35,Customer 321,East,Jharkhand,Electronics,Monitor,5,86805.99,0,86805.99,17728.35,Net Banking,N. Gupta
ORD-11922,1057,2025-10-24 12:24:35,Customer 420,South,Telangana,Office Supplies,Pen Set,1,238.75,5,226.81,23.14,Debit Card,A. Kumar
ORD-11036,1333,2025-10-24 14:39:49,Customer 309,North,Delhi,Office Supplies,Pen Set,2,519.34,0,519.34,111.31,UPI,K. Yadav
ORD-11117,1006,2025-10-25 05:54:27,Customer 405,West,Gujarat,Furniture,Office Chair,2,17496.67,5,16621.84,3248.06,Credit Card,P. Sharma
ORD-11400,1153,2025-10-25 14:42:33,Customer 104,North,Haryana,Furniture,Table,1,9876.8,5,9382.96,1671.65,Cash,S. Verma
ORD-10170,1025,2025-10-25 16:58:54,Customer 68,Central,Chhattisgarh,Furniture,Office Chair,1,9599.19,0,9599.19,1548.35,Net Banking,S. Verma
ORD-10106,1376,2025-10-25 17:08:45,Customer 498,South,Karnataka,Furniture,Sofa,5,135383.49,0,135383.49,21585.93,Cash,P. Sharma
ORD-10065,1282,2025-10-25 21:35:59,Customer 226,South,Kerala,Office Supplies,Printer,4,55913.7,5,53118.02,7528.1,Debit Card,R. Singh
ORD-10780,1151,2025-10-26 02:41:22,Customer 302,Central,Chhattisgarh,Furniture,Sofa,1,26490.34,5,25165.82,3269.48,Net Banking,N. Gupta
ORD-10968,1424,2025-10-26 08:39:13,Customer 419,South,Kerala,Accessories,Mouse,3,2970.55,15,2524.97,460.83,UPI,P. Sharma
ORD-11761,1116,2025-10-26 12:08:02,Customer 202,North,Haryana,Office Supplies,Notebook,4,1358.16,20,1086.53,194.29,Cash,P. Sharma
ORD-11299,1102,2025-10-26 18:39:36,Customer 335,Central,Chhattisgarh,Electronics,Tablet,2,40919.34,10,36827.41,6513.01,Net Banking,N. Gupta
ORD-10058,1371,2025-10-26 22:17:18,Customer 249,West,Goa,Electronics,Headphones,2,9821.88,10,8839.69,1068.05,Debit Card,K. Yadav
ORD-10558,1046,2025-10-27 06:48:33,Customer 91,West,Rajasthan,Electronics,Smartphone,3,97319.84,15,82721.86,20321.01,Cash,R. Singh
ORD-10746,1233,2025-10-27 07:32:38,Customer 452,South,Karnataka,Electronics,Smartphone,3,102501.89,15,87126.61,19446.93,Net Banking,N. Gupta
ORD-10837,1031,2025-10-27 13:43:11,Customer 47,Central,Madhya Pradesh,Furniture,Sofa,5,118118.68,10,106306.81,25999.7,Cash,P. Sharma
ORD-10443,1094,2025-10-27 22:16:12,Customer 269,West,Gujarat,Accessories,Webcam,2,7348.88,10,6613.99,883.71,Net Banking,A. Kumar
ORD-10497,1121,2025-10-28 04:29:32,Customer 212,West,Gujarat,Office Supplies,Printer,3,41769.49,10,37592.54,6104.92,Debit Card,S. Verma
ORD-10942,1356,2025-10-28 04:38:22,Customer 49,Central,Chhattisgarh,Electronics,Smartphone,4,128859.57,10,115973.61,26554.87,Debit Card,R. Singh
ORD-10100,1089,2025-10-28 05:54:19,Customer 143,East,Jharkhand,Office Supplies,Printer,5,80480.19,15,68408.16,8376.14,Debit Card,P. Sharma
ORD-11774,1031,2025-10-28 07:46:34,Customer 456,East,West Bengal,Office Supplies,Stapler,2,742.42,5,705.3,149.29,Debit Card,K. Yadav
ORD-10133,1312,2025-10-28 09:46:16,Customer 59,Central,Madhya Pradesh,Electronics,Monitor,2,32587.75,10,29328.97,4003.21,Debit Card,S. Verma
ORD-11454,1194,2025-10-28 11:13:53,Customer 348,East,West Bengal,Office Supplies,Printer,1,16339.37,0,16339.37,1949.22,UPI,R. Singh
ORD-10812,1125,2025-10-28 13:25:15,Customer 254,Central,Chhattisgarh,Electronics,Headphones,2,10330.76,15,8781.15,826.45,UPI,S. Verma
ORD-11489,1237,2025-10-28 14:33:19,Customer 53,East,Odisha,Office Supplies,File Folder,1,200.81,5,190.77,27.93,Net Banking,P. Sharma
ORD-11883,1155,2025-10-28 18:56:07,Customer 447,North,Haryana,Office Supplies,File Folder,4,813.02,0,813.02,179.74,Cash,P. Sharma
ORD-10355,1101,2025-10-28 21:24:41,Customer 86,Central,Chhattisgarh,Electronics,Smartphone,4,118659.59,10,106793.63,9679.35,Cash,P. Sharma
ORD-10646,1118,2025-10-28 22:36:08,Customer 189,West,Gujarat,Electronics,Smartphone,1,27246.43,10,24521.79,4465.49,Debit Card,R. Singh
ORD-11995,1014,2025-10-29 04:14:16,Customer 44,South,Kerala,Accessories,Webcam,5,18640.74,0,18640.74,4028.82,UPI,S. Verma
ORD-11725,1044,2025-10-29 06:10:24,Customer 166,East,Bihar,Furniture,Desk,4,48525.47,5,46099.2,5747.39,Credit Card,K. Yadav
ORD-11604,1046,2025-10-29 14:53:52,Customer 352,East,Odisha,Electronics,Laptop,3,191837.31,5,182245.44,45249.11,UPI,N. Gupta
ORD-11340,1264,2025-10-29 16:35:05,Customer 15,South,Telangana,Office Supplies,File Folder,2,346.24,0,346.24,64.15,UPI,A. Kumar
ORD-10405,1341,2025-10-30 04:45:55,Customer 327,South,Karnataka,Electronics,Laptop,5,327406.86,5,311036.52,31713.18,Credit Card,P. Sharma
ORD-10411,1012,2025-10-30 04:56:04,Customer 156,West,Goa,Electronics,Tablet,2,46902.07,20,37521.66,3323.33,Cash,N. Gupta
ORD-11379,1434,2025-10-30 05:23:07,Customer 385,East,Odisha,Furniture,Desk,3,39271.49,5,37307.92,3909.72,Debit Card,P. Sharma
ORD-10721,1196,2025-10-30 05:33:28,Customer 165,South,Telangana,Furniture,Office Chair,2,18472.2,5,17548.59,3828.48,Debit Card,K. Yadav
ORD-11802,1230,2025-10-30 12:20:40,Customer 411,East,West Bengal,Electronics,Smartphone,3,97286.15,5,92421.84,18997.63,Debit Card,N. Gupta
ORD-11136,1302,2025-10-30 13:12:05,Customer 291,Central,Madhya Pradesh,Accessories,Mouse,3,2728.75,0,2728.75,606.54,UPI,K. Yadav
ORD-11818,1397,2025-10-30 19:19:36,Customer 173,South,Telangana,Accessories,Webcam,2,6886.59,0,6886.59,1527.58,Net Banking,A. Kumar
ORD-11741,1290,2025-10-30 20:03:12,Customer 309,South,Tamil Nadu,Electronics,Laptop,3,175847.59,10,158262.83,19889.45,Net Banking,K. Yadav
ORD-11935,1027,2025-10-30 21:14:46,Customer 27,West,Goa,Electronics,Tablet,5,125949.21,5,119651.75,13011.1,Net Banking,N. Gupta
ORD-11771,1245,2025-10-30 23:20:32,Customer 436,North,Delhi,Electronics,Laptop,4,278245.41,10,250420.87,54541.63,Cash,N. Gupta
ORD-10143,1184,2025-10-31 11:36:10,Customer 178,Central,Chhattisgarh,Accessories,Webcam,2,6865.48,20,5492.38,981.04,Cash,K. Yadav
ORD-11465,1377,2025-10-31 11:51:22,Customer 296,East,Jharkhand,Office Supplies,File Folder,4,727.88,5,691.49,61.97,Net Banking,A. Kumar
ORD-11573,1120,2025-10-31 15:57:11,Customer 136,East,Bihar,Furniture,Table,4,45431.63,0,45431.63,10236.74,Cash,N. Gupta
ORD-10993,1304,2025-10-31 18:02:36,Customer 396,Central,Chhattisgarh,Electronics,Headphones,2,9697.42,5,9212.55,1602.3,Credit Card,R. Singh
ORD-11993,1312,2025-10-31 23:26:57,Customer 420,South,Kerala,Furniture,Table,1,10553.58,5,10025.9,1161.72,Debit Card,K. Yadav
ORD-10281,1450,2025-10-31 23:41:21,Customer 247,West,Goa,Office Supplies,Pen Set,5,1419.91,20,1135.93,191.57,Net Banking,P. Sharma
ORD-10800,1127,2025-11-01 00:37:24,Customer 221,East,Bihar,Electronics,Laptop,1,70808.87,10,63727.98,12781.33,Debit Card,R. Singh
ORD-11541,1202,2025-11-01 07:19:45,Customer 175,East,West Bengal,Electronics,Headphones,5,23434.99,15,19919.74,2580.03,Cash,N. Gupta
ORD-10328,1007,2025-11-01 16:48:38,Customer 309,Central,Chhattisgarh,Accessories,Mouse,1,856.41,5,813.59,188.97,UPI,A. Kumar
ORD-11998,1087,2025-11-01 17:29:37,Customer 467,Central,Chhattisgarh,Accessories,USB Hub,4,4726.77,5,4490.43,801.71,Net Banking,S. Verma
ORD-10565,1014,2025-11-01 18:52:36,Customer 225,Central,Chhattisgarh,Furniture,Office Chair,5,40696.85,0,40696.85,7218.44,UPI,A. Kumar
ORD-10704,1427,2025-11-02 02:32:11,Customer 110,North,Uttar Pradesh,Office Supplies,Notebook,3,988.35,10,889.51,145.76,Cash,A. Kumar
ORD-10531,1445,2025-11-02 03:40:23,Customer 166,Central,Chhattisgarh,Electronics,Laptop,1,71085.39,0,71085.39,11339.01,Debit Card,R. Singh
ORD-10979,1130,2025-11-02 04:03:05,Customer 44,West,Rajasthan,Office Supplies,Notebook,5,1699.13,15,1444.26,274.5,Debit Card,S. Verma
ORD-11972,1382,2025-11-02 07:19:56,Customer 343,Central,Chhattisgarh,Furniture,Bookshelf,3,22609.47,5,21479.0,4717.07,Credit Card,N. Gupta
ORD-10852,1382,2025-11-02 10:44:42,Customer 257,North,Uttar Pradesh,Accessories,USB Hub,4,5279.09,15,4487.23,1076.9,Cash,P. Sharma
ORD-11533,1111,2025-11-02 11:47:09,Customer 363,West,Maharashtra,Electronics,Smartphone,2,55015.1,20,44012.08,8748.88,Credit Card,A. Kumar
ORD-11891,1298,2025-11-02 12:52:30,Customer 452,Central,Chhattisgarh,Accessories,USB Hub,4,4645.67,10,4181.1,814.38,UPI,R. Singh
ORD-11631,1168,2025-11-02 17:11:00,Customer 374,Central,Madhya Pradesh,Accessories,Backpack,4,10788.4,10,9709.56,1744.67,UPI,P. Sharma
ORD-12000,1432,2025-11-02 19:47:14,Customer 496,South,Tamil Nadu,Electronics,Smartphone,2,58227.9,20,46582.32,6384.42,Cash,A. Kumar
ORD-10057,1184,2025-11-02 21:54:24,Customer 330,North,Uttar Pradesh,Furniture,Sofa,2,55779.55,15,47412.62,4978.44,UPI,S. Verma
ORD-11469,1417,2025-11-03 08:33:19,Customer 356,North,Delhi,Accessories,USB Hub,5,6135.06,10,5521.55,601.53,Debit Card,P. Sharma
ORD-10745,1089,2025-11-03 09:51:28,Customer 100,East,Jharkhand,Electronics,Tablet,4,97744.9,10,87970.41,19911.03,Net Banking,N. Gupta
ORD-10550,1353,2025-11-03 10:19:36,Customer 40,West,Rajasthan,Accessories,Keyboard,1,1918.04,10,1726.24,406.64,Net Banking,R. Singh
ORD-11602,1224,2025-11-03 11:23:02,Customer 3,Central,Chhattisgarh,Furniture,Office Chair,5,51354.26,10,46218.83,11065.89,UPI,R. Singh
ORD-10475,1318,2025-11-03 12:08:47,Customer 290,East,Bihar,Office Supplies,Printer,4,57517.49,10,51765.74,12218.42,Credit Card,P. Sharma
ORD-11301,1310,2025-11-04 02:52:42,Customer 488,North,Delhi,Electronics,Tablet,1,23803.21,5,22613.05,3775.31,UPI,K. Yadav
ORD-10562,1208,2025-11-04 03:27:50,Customer 235,Central,Chhattisgarh,Office Supplies,Printer,5,70119.23,10,63107.31,15484.95,Net Banking,P. Sharma
ORD-11258,1383,2025-11-04 04:59:40,Customer 468,Central,Madhya Pradesh,Electronics,Headphones,4,21667.79,10,19501.01,3301.74,Credit Card,K. Yadav
ORD-10676,1441,2025-11-04 06:27:16,Customer 105,East,West Bengal,Accessories,Mouse,1,1008.5,10,907.65,187.97,Credit Card,K. Yadav
ORD-10885,1172,2025-11-04 09:25:52,Customer 33,Central,Madhya Pradesh,Electronics,Monitor,5,94620.23,0,94620.23,8157.06,Cash,S. Verma
ORD-11347,1370,2025-11-04 10:27:33,Customer 414,North,Haryana,Electronics,Headphones,5,24945.83,20,19956.66,2733.23,UPI,N. Gupta
ORD-11227,1324,2025-11-04 10:43:25,Customer 302,North,Punjab,Electronics,Tablet,4,86296.72,0,86296.72,7386.51,Net Banking,A. Kumar
ORD-11505,1436,2025-11-04 16:02:47,Customer 193,East,West Bengal,Electronics,Laptop,5,307227.24,15,261143.15,25490.58,Credit Card,K. Yadav
ORD-11978,1203,2025-11-05 02:14:55,Customer 128,South,Karnataka,Office Supplies,Stapler,3,1339.22,5,1272.26,310.37,Cash,R. Singh
ORD-10747,1247,2025-11-05 05:12:27,Customer 451,East,Bihar,Furniture,Office Chair,2,17405.43,10,15664.89,3573.58,UPI,S. Verma
ORD-11758,1397,2025-11-05 15:28:37,Customer 282,East,West Bengal,Electronics,Headphones,4,21895.48,10,19705.93,4904.65,Cash,A. Kumar
ORD-10420,1052,2025-11-05 16:01:25,Customer 43,West,Rajasthan,Furniture,Bookshelf,5,38328.04,10,34495.24,7260.38,Debit Card,S. Verma
ORD-11439,1268,2025-11-05 17:50:03,Customer 341,West,Goa,Electronics,Tablet,3,60956.16,10,54860.54,13558.99,Debit Card,P. Sharma
ORD-11468,1319,2025-11-06 02:09:47,Customer 15,Central,Chhattisgarh,Accessories,Keyboard,4,7336.43,15,6235.97,1217.71,Cash,P. Sharma
ORD-11987,1229,2025-11-06 04:48:29,Customer 257,Central,Madhya Pradesh,Electronics,Tablet,3,73561.07,5,69883.02,9884.75,Cash,A. Kumar
ORD-11923,1176,2025-11-06 04:59:16,Customer 459,North,Uttar Pradesh,Electronics,Monitor,2,38691.69,5,36757.11,7496.92,Cash,S. Verma
ORD-11343,1335,2025-11-06 09:24:46,Customer 15,Central,Chhattisgarh,Electronics,Smartphone,1,30608.0,0,30608.0,2486.38,Cash,S. Verma
ORD-11751,1291,2025-11-06 12:21:27,Customer 92,East,Odisha,Furniture,Table,2,19562.85,15,16628.42,2805.46,Debit Card,P. Sharma
ORD-11387,1449,2025-11-07 00:53:42,Customer 368,East,Odisha,Accessories,USB Hub,1,1235.09,10,1111.58,215.87,Debit Card,A. Kumar
ORD-10843,1170,2025-11-07 01:44:22,Customer 45,East,Jharkhand,Furniture,Bookshelf,5,39010.77,20,31208.62,5144.31,Net Banking,P. Sharma
ORD-11523,1372,2025-11-07 02:44:26,Customer 241,West,Maharashtra,Office Supplies,File Folder,3,504.09,0,504.09,118.15,Net Banking,P. Sharma
ORD-11140,1117,2025-11-07 12:30:40,Customer 26,South,Telangana,Office Supplies,Pen Set,3,811.69,10,730.52,180.32,Credit Card,K. Yadav
ORD-11191,1443,2025-11-07 15:32:16,Customer 353,South,Telangana,Furniture,Office Chair,5,45763.46,0,45763.46,5536.51,UPI,P. Sharma
ORD-11575,1394,2025-11-07 18:36:40,Customer 114,West,Maharashtra,Furniture,Sofa,2,47298.88,5,44933.94,6523.05,Net Banking,K. Yadav
ORD-10548,1337,2025-11-07 19:50:00,Customer 258,North,Punjab,Electronics,Headphones,3,15916.82,5,15120.98,1807.09,UPI,N. Gupta
ORD-11624,1341,2025-11-07 22:43:07,Customer 57,West,Maharashtra,Electronics,Headphones,2,9723.62,10,8751.26,1203.11,Debit Card,S. Verma
ORD-10357,1278,2025-11-07 23:47:24,Customer 89,North,Delhi,Furniture,Desk,1,12945.56,5,12298.28,1744.48,Credit Card,R. Singh
ORD-11582,1406,2025-11-08 01:36:05,Customer 62,East,Odisha,Accessories,Webcam,1,3256.95,10,2931.25,372.24,Debit Card,P. Sharma
ORD-10536,1423,2025-11-08 05:53:56,Customer 246,East,Jharkhand,Office Supplies,Pen Set,2,506.24,10,455.62,93.24,Debit Card,A. Kumar
ORD-10237,1321,2025-11-08 13:16:38,Customer 301,East,West Bengal,Accessories,Webcam,2,6320.49,10,5688.44,740.39,Credit Card,N. Gupta
ORD-10781,1227,2025-11-08 15:24:11,Customer 70,Central,Madhya Pradesh,Furniture,Table,4,45546.4,10,40991.76,9787.67,UPI,S. Verma
ORD-11635,1329,2025-11-08 23:36:39,Customer 194,South,Kerala,Furniture,Bookshelf,4,31387.0,15,26678.95,6482.81,Net Banking,K. Yadav
ORD-11200,1108,2025-11-09 06:19:27,Customer 216,East,West Bengal,Office Supplies,Printer,4,67471.76,15,57351.0,9916.43,UPI,N. Gupta
ORD-10120,1079,2025-11-09 11:03:59,Customer 435,West,Rajasthan,Electronics,Headphones,4,18122.93,0,18122.93,2446.84,Debit Card,P. Sharma
ORD-11994,1243,2025-11-09 13:12:46,Customer 350,South,Tamil Nadu,Electronics,Laptop,3,183375.15,10,165037.63,39151.65,UPI,P. Sharma
ORD-10008,1135,2025-11-09 14:33:44,Customer 328,North,Punjab,Office Supplies,Printer,3,41333.0,5,39266.35,3914.77,Cash,P. Sharma
ORD-10678,1245,2025-11-10 01:15:58,Customer 8,East,Jharkhand,Electronics,Smartphone,1,31080.22,10,27972.2,4711.07,Credit Card,S. Verma
ORD-10866,1275,2025-11-10 08:46:45,Customer 111,East,Bihar,Office Supplies,Stapler,2,879.95,5,835.95,103.77,Credit Card,K. Yadav
ORD-11075,1056,2025-11-10 11:26:05,Customer 270,South,Kerala,Office Supplies,Notebook,3,978.69,0,978.69,227.68,UPI,S. Verma
ORD-11259,1087,2025-11-10 13:14:28,Customer 321,South,Kerala,Furniture,Table,3,29203.78,15,24823.21,3599.99,Debit Card,R. Singh
ORD-10454,1034,2025-11-10 13:21:28,Customer 381,East,West Bengal,Furniture,Bookshelf,1,6770.4,5,6431.88,784.47,Net Banking,K. Yadav
ORD-11288,1304,2025-11-10 14:08:32,Customer 251,West,Rajasthan,Office Supplies,Printer,5,85184.31,15,72406.66,6825.3,Cash,A. Kumar
ORD-11689,1155,2025-11-10 14:50:30,Customer 487,North,Uttar Pradesh,Accessories,Mouse,2,1790.44,10,1611.4,351.67,Net Banking,R. Singh
ORD-11187,1350,2025-11-10 21:41:45,Customer 327,South,Telangana,Accessories,Mouse,2,1827.81,20,1462.25,325.56,Net Banking,A. Kumar
ORD-11638,1332,2025-11-10 22:27:41,Customer 236,West,Goa,Furniture,Office Chair,2,19195.49,10,17275.94,3997.29,Cash,P. Sharma
ORD-11683,1393,2025-11-11 00:37:00,Customer 444,South,Tamil Nadu,Furniture,Office Chair,3,24749.99,10,22274.99,3633.25,Cash,A. Kumar
ORD-10159,1042,2025-11-11 09:33:41,Customer 125,Central,Madhya Pradesh,Electronics,Laptop,2,125922.56,10,113330.3,22087.28,UPI,A. Kumar
ORD-11988,1263,2025-11-11 09:35:33,Customer 323,North,Delhi,Furniture,Sofa,3,85060.68,5,80807.65,13770.22,UPI,K. Yadav
ORD-11581,1186,2025-11-11 14:19:38,Customer 377,East,Jharkhand,Electronics,Tablet,1,24635.5,10,22171.95,2848.58,Net Banking,R. Singh
ORD-10275,1339,2025-11-12 01:10:34,Customer 461,North,Delhi,Electronics,Monitor,2,40464.68,15,34394.98,4594.31,Net Banking,S. Verma
ORD-10951,1022,2025-11-12 07:38:12,Customer 72,South,Telangana,Electronics,Tablet,5,124004.79,10,111604.31,15761.22,UPI,S. Verma
ORD-11096,1370,2025-11-12 14:20:18,Customer 23,South,Telangana,Electronics,Smartphone,2,54151.1,10,48735.99,7332.63,Credit Card,A. Kumar
ORD-10659,1353,2025-11-12 15:03:29,Customer 79,Central,Chhattisgarh,Office Supplies,Stapler,5,1985.25,10,1786.73,410.75,Cash,P. Sharma
ORD-11903,1396,2025-11-12 16:01:03,Customer 247,East,West Bengal,Electronics,Tablet,4,85301.48,0,85301.48,19373.15,Credit Card,R. Singh
ORD-10751,1436,2025-11-12 16:29:55,Customer 418,West,Gujarat,Electronics,Headphones,1,5562.9,5,5284.76,1023.59,Net Banking,A. Kumar
ORD-11231,1075,2025-11-12 18:22:14,Customer 368,South,Karnataka,Office Supplies,Stapler,3,1103.41,15,937.9,205.07,Debit Card,P. Sharma
ORD-10239,1023,2025-11-13 11:54:15,Customer 75,South,Karnataka,Furniture,Desk,3,36451.11,10,32806.0,6859.4,Credit Card,R. Singh
ORD-11157,1108,2025-11-13 17:42:09,Customer 423,West,Gujarat,Electronics,Headphones,2,9875.26,5,9381.5,1313.26,Cash,P. Sharma
ORD-10192,1230,2025-11-13 17:54:28,Customer 310,South,Telangana,Furniture,Sofa,4,109509.99,5,104034.49,10760.28,Net Banking,P. Sharma
ORD-11911,1426,2025-11-13 18:00:38,Customer 411,East,Odisha,Accessories,Mouse,5,5169.43,10,4652.49,426.66,Cash,S. Verma
ORD-10410,1039,2025-11-13 22:03:39,Customer 66,West,Goa,Electronics,Smartphone,1,31670.49,15,26919.92,6006.98,UPI,R. Singh
ORD-11790,1085,2025-11-13 22:28:50,Customer 490,South,Kerala,Accessories,USB Hub,3,3864.73,15,3285.02,584.44,Net Banking,S. Verma
ORD-11514,1373,2025-11-14 00:23:36,Customer 382,South,Tamil Nadu,Accessories,Mouse,5,4980.59,10,4482.53,1040.15,Net Banking,N. Gupta
ORD-11618,1012,2025-11-14 04:52:19,Customer 495,North,Delhi,Furniture,Desk,1,11269.74,5,10706.25,2543.36,Debit Card,R. Singh
ORD-10962,1297,2025-11-14 15:09:30,Customer 213,South,Karnataka,Electronics,Smartphone,3,85975.27,5,81676.51,14137.72,Net Banking,P. Sharma
ORD-10061,1257,2025-11-14 17:57:27,Customer 113,East,West Bengal,Electronics,Laptop,3,220392.53,0,220392.53,28005.1,Debit Card,N. Gupta
ORD-11251,1399,2025-11-14 18:26:22,Customer 434,Central,Madhya Pradesh,Electronics,Tablet,4,88020.65,10,79218.59,7110.98,Credit Card,P. Sharma
ORD-11855,1017,2025-11-14 21:10:08,Customer 191,West,Gujarat,Accessories,Webcam,5,18958.25,10,17062.43,3185.44,Cash,K. Yadav
ORD-11703,1396,2025-11-15 02:26:59,Customer 484,South,Kerala,Furniture,Bookshelf,2,14668.58,5,13935.15,1128.78,Credit Card,N. Gupta
ORD-11071,1240,2025-11-15 12:02:16,Customer 27,South,Telangana,Furniture,Office Chair,2,17303.81,10,15573.43,1508.49,Net Banking,A. Kumar
ORD-10684,1242,2025-11-15 23:51:29,Customer 350,East,West Bengal,Office Supplies,Stapler,2,906.43,15,770.47,159.57,Credit Card,P. Sharma
ORD-10695,1369,2025-11-16 04:23:40,Customer 77,Central,Chhattisgarh,Office Supplies,Notebook,5,1541.85,5,1464.76,130.49,Credit Card,S. Verma
ORD-11229,1182,2025-11-16 06:27:57,Customer 4,North,Haryana,Office Supplies,File Folder,5,811.76,10,730.58,98.52,Cash,A. Kumar
ORD-10373,1411,2025-11-16 06:58:16,Customer 367,North,Uttar Pradesh,Electronics,Laptop,4,246072.65,5,233769.02,55605.98,Cash,K. Yadav
ORD-11169,1159,2025-11-16 08:02:28,Customer 316,West,Maharashtra,Office Supplies,Printer,2,30419.43,15,25856.52,3741.91,Debit Card,P. Sharma
ORD-10235,1423,2025-11-16 09:42:25,Customer 447,East,Bihar,Furniture,Sofa,1,22943.8,0,22943.8,3219.27,Net Banking,A. Kumar
ORD-10321,1389,2025-11-16 15:20:03,Customer 110,Central,Madhya Pradesh,Furniture,Sofa,1,27675.73,5,26291.94,5720.74,Credit Card,A. Kumar
ORD-10675,1033,2025-11-17 02:08:57,Customer 467,West,Maharashtra,Furniture,Office Chair,5,40543.09,5,38515.94,9225.96,UPI,S. Verma
ORD-11872,1286,2025-11-17 06:05:22,Customer 370,South,Telangana,Electronics,Laptop,3,205018.28,5,194767.37,34542.64,Debit Card,K. Yadav
ORD-11515,1161,2025-11-17 08:18:15,Customer 160,South,Karnataka,Electronics,Smartphone,1,31816.35,20,25453.08,2932.43,UPI,K. Yadav
ORD-10485,1192,2025-11-17 12:51:38,Customer 185,South,Tamil Nadu,Accessories,USB Hub,3,3557.09,0,3557.09,392.87,Net Banking,N. Gupta
ORD-10200,1213,2025-11-18 00:43:09,Customer 408,North,Uttar Pradesh,Electronics,Monitor,4,71979.05,15,61182.19,9804.46,Cash,P. Sharma
ORD-10342,1061,2025-11-18 04:00:09,Customer 451,North,Uttar Pradesh,Office Supplies,Pen Set,4,1125.77,15,956.9,206.91,Net Banking,R. Singh
ORD-10306,1071,2025-11-18 07:34:18,Customer 387,West,Gujarat,Furniture,Desk,2,25093.1,5,23838.44,4013.19,Credit Card,P. Sharma
ORD-11153,1030,2025-11-18 09:14:36,Customer 307,South,Tamil Nadu,Office Supplies,Printer,2,32991.55,0,32991.55,4589.06,UPI,P. Sharma
ORD-11919,1155,2025-11-18 14:27:48,Customer 368,South,Kerala,Electronics,Headphones,2,10565.91,5,10037.61,1857.42,Credit Card,A. Kumar
ORD-11267,1042,2025-11-18 21:43:29,Customer 196,Central,Chhattisgarh,Electronics,Laptop,5,315600.97,10,284040.87,50142.47,Net Banking,K. Yadav
ORD-11805,1391,2025-11-18 23:59:12,Customer 468,East,Odisha,Furniture,Table,5,45300.84,5,43035.8,5715.95,Debit Card,S. Verma
ORD-11447,1269,2025-11-19 04:28:19,Customer 447,North,Uttar Pradesh,Electronics,Tablet,3,70211.34,5,66700.77,8993.6,Credit Card,N. Gupta
ORD-10712,1010,2025-11-19 09:52:47,Customer 253,West,Maharashtra,Accessories,Mouse,4,3521.47,10,3169.32,611.35,Cash,K. Yadav
ORD-11111,1450,2025-11-19 12:04:41,Customer 226,South,Tamil Nadu,Electronics,Smartphone,3,93420.73,5,88749.69,21674.35,Cash,P. Sharma
ORD-11244,1180,2025-11-19 15:08:59,Customer 339,South,Telangana,Electronics,Tablet,3,68913.31,10,62021.98,6231.22,Cash,S. Verma
ORD-10814,1073,2025-11-19 20:22:42,Customer 400,South,Telangana,Office Supplies,Notebook,1,306.2,5,290.89,59.88,UPI,P. Sharma
ORD-11929,1442,2025-11-20 05:01:47,Customer 258,Central,Chhattisgarh,Furniture,Sofa,4,94373.66,10,84936.29,12018.67,Cash,K. Yadav
ORD-10636,1354,2025-11-20 11:26:04,Customer 439,East,Bihar,Furniture,Bookshelf,2,14163.74,10,12747.37,3089.37,Cash,A. Kumar
ORD-10236,1039,2025-11-20 16:02:35,Customer 259,South,Karnataka,Accessories,Backpack,2,5127.69,0,5127.69,511.1,Cash,K. Yadav
ORD-10327,1418,2025-11-20 22:27:40,Customer 432,South,Telangana,Office Supplies,Printer,5,76877.11,10,69189.4,15774.46,Net Banking,A. Kumar
ORD-10035,1417,2025-11-20 22:42:04,Customer 179,South,Tamil Nadu,Accessories,Webcam,4,14614.16,5,13883.45,2628.96,Debit Card,N. Gupta
ORD-10436,1220,2025-11-21 00:45:38,Customer 119,South,Tamil Nadu,Furniture,Table,3,34184.59,10,30766.13,5626.06,UPI,A. Kumar
ORD-11661,1164,2025-11-21 02:25:30,Customer 457,East,Jharkhand,Office Supplies,Notebook,5,1656.7,5,1573.86,352.98,UPI,N. Gupta
ORD-10887,1318,2025-11-21 06:11:29,Customer 383,Central,Madhya Pradesh,Furniture,Office Chair,5,44359.25,10,39923.33,8083.31,Net Banking,N. Gupta
ORD-10574,1434,2025-11-21 07:47:29,Customer 22,East,West Bengal,Electronics,Headphones,4,18834.24,15,16009.1,3516.4,Credit Card,N. Gupta
ORD-10718,1186,2025-11-21 07:53:32,Customer 13,West,Maharashtra,Office Supplies,Printer,3,47522.16,0,47522.16,9911.21,Debit Card,S. Verma
ORD-11997,1256,2025-11-21 13:17:36,Customer 205,Central,Chhattisgarh,Accessories,Webcam,3,9692.18,5,9207.57,871.19,Credit Card,S. Verma
ORD-11682,1030,2025-11-21 17:49:16,Customer 487,East,West Bengal,Accessories,USB Hub,4,4410.3,10,3969.27,381.57,Credit Card,S. Verma
ORD-11102,1296,2025-11-21 18:08:03,Customer 287,West,Gujarat,Furniture,Office Chair,5,50385.35,5,47866.08,6269.53,Debit Card,P. Sharma
ORD-10490,1344,2025-11-22 00:26:15,Customer 366,South,Tamil Nadu,Accessories,Keyboard,5,8910.89,0,8910.89,1019.1,UPI,A. Kumar
ORD-11786,1118,2025-11-22 05:18:27,Customer 337,North,Delhi,Furniture,Sofa,4,100766.84,0,100766.84,20296.94,Credit Card,S. Verma
ORD-10901,1433,2025-11-22 07:35:31,Customer 221,North,Delhi,Office Supplies,File Folder,1,195.13,10,175.62,16.04,UPI,K. Yadav
ORD-11708,1361,2025-11-22 22:29:07,Customer 352,North,Uttar Pradesh,Electronics,Monitor,2,37554.78,0,37554.78,4305.47,UPI,P. Sharma
ORD-10054,1072,2025-11-23 02:04:22,Customer 154,North,Haryana,Electronics,Monitor,1,19222.65,10,17300.39,2437.41,Credit Card,P. Sharma
ORD-10329,1380,2025-11-23 06:30:39,Customer 25,North,Haryana,Electronics,Headphones,3,15602.54,10,14042.29,2767.28,Cash,A. Kumar
ORD-10482,1171,2025-11-23 12:48:16,Customer 377,Central,Chhattisgarh,Electronics,Headphones,2,10279.45,15,8737.53,2087.53,Debit Card,S. Verma
ORD-11424,1140,2025-11-23 18:09:53,Customer 68,Central,Madhya Pradesh,Electronics,Laptop,4,283835.36,15,241260.06,52656.12,Debit Card,K. Yadav
ORD-11325,1242,2025-11-24 01:12:41,Customer 201,East,Jharkhand,Electronics,Smartphone,1,32221.73,5,30610.64,3065.88,Cash,R. Singh
ORD-10032,1086,2025-11-24 03:25:44,Customer 285,North,Punjab,Furniture,Table,5,50245.0,5,47732.75,6707.18,Cash,N. Gupta
ORD-11327,1189,2025-11-24 03:30:26,Customer 302,South,Karnataka,Accessories,Keyboard,1,1932.14,20,1545.71,376.52,UPI,P. Sharma
ORD-11947,1381,2025-11-24 15:02:52,Customer 302,North,Delhi,Furniture,Office Chair,3,27849.29,15,23671.9,2950.25,Debit Card,K. Yadav
ORD-11261,1255,2025-11-24 18:52:11,Customer 224,North,Haryana,Electronics,Tablet,3,60980.17,5,57931.16,5476.2,Cash,K. Yadav
ORD-10784,1350,2025-11-24 19:53:06,Customer 267,Central,Madhya Pradesh,Furniture,Desk,1,12422.96,10,11180.66,1952.64,Net Banking,S. Verma
ORD-10460,1070,2025-11-25 04:34:42,Customer 82,West,Rajasthan,Electronics,Smartphone,1,32469.82,10,29222.84,3365.27,Debit Card,K. Yadav
ORD-10572,1416,2025-11-25 09:27:47,Customer 498,West,Rajasthan,Accessories,Keyboard,5,10231.42,5,9719.85,1791.62,Net Banking,S. Verma
ORD-10585,1450,2025-11-25 13:30:50,Customer 359,East,Odisha,Office Supplies,File Folder,3,538.69,15,457.89,99.96,Credit Card,P. Sharma
ORD-11040,1296,2025-11-25 22:58:45,Customer 422,West,Rajasthan,Office Supplies,Printer,4,58760.31,10,52884.28,10099.27,Cash,K. Yadav
ORD-10437,1295,2025-11-26 02:42:01,Customer 271,South,Tamil Nadu,Office Supplies,File Folder,5,981.83,10,883.65,104.76,Net Banking,R. Singh
ORD-11723,1380,2025-11-26 04:37:37,Customer 465,South,Kerala,Furniture,Desk,4,44375.26,15,37718.97,6650.7,Net Banking,S. Verma
ORD-11896,1191,2025-11-26 06:02:43,Customer 463,West,Rajasthan,Furniture,Table,5,46393.87,0,46393.87,11192.94,Credit Card,K. Yadav
ORD-10960,1159,2025-11-26 12:28:59,Customer 149,Central,Madhya Pradesh,Electronics,Smartphone,5,164485.98,15,139813.08,31119.39,Debit Card,S. Verma
ORD-10289,1041,2025-11-26 16:29:35,Customer 147,Central,Chhattisgarh,Office Supplies,Notebook,4,1229.26,5,1167.8,210.78,Cash,K. Yadav
ORD-11382,1089,2025-11-26 19:13:40,Customer 411,North,Uttar Pradesh,Accessories,Mouse,2,1746.46,5,1659.14,195.5,UPI,N. Gupta
ORD-10115,1007,2025-11-26 22:24:04,Customer 235,North,Delhi,Office Supplies,Printer,5,80252.64,10,72227.38,15020.54,Net Banking,P. Sharma
ORD-11680,1425,2025-11-27 03:18:33,Customer 284,West,Maharashtra,Electronics,Laptop,5,338352.72,15,287599.81,66744.69,Credit Card,R. Singh
ORD-10673,1272,2025-11-27 04:52:16,Customer 371,South,Telangana,Electronics,Laptop,3,209886.12,5,199391.81,31835.36,Net Banking,R. Singh
ORD-10545,1416,2025-11-27 14:16:34,Customer 3,South,Karnataka,Accessories,Webcam,2,7772.84,0,7772.84,1736.83,Credit Card,R. Singh
ORD-11432,1001,2025-11-27 17:17:28,Customer 173,West,Rajasthan,Furniture,Bookshelf,2,14591.4,15,12402.69,2334.34,Credit Card,P. Sharma
ORD-10856,1425,2025-11-27 19:29:40,Customer 185,North,Haryana,Office Supplies,File Folder,1,202.93,0,202.93,35.45,Credit Card,S. Verma
ORD-11281,1246,2025-11-27 22:54:38,Customer 405,East,West Bengal,Furniture,Desk,5,63211.73,5,60051.14,6285.02,Cash,S. Verma
ORD-10476,1079,2025-11-28 02:29:42,Customer 182,North,Delhi,Electronics,Headphones,1,5055.23,10,4549.71,757.58,Debit Card,K. Yadav
ORD-11637,1210,2025-11-28 07:01:36,Customer 327,Central,Chhattisgarh,Furniture,Bookshelf,1,7386.99,10,6648.29,887.6,Credit Card,N. Gupta
ORD-11091,1044,2025-11-28 07:12:34,Customer 454,South,Telangana,Accessories,USB Hub,2,2706.13,5,2570.82,402.21,Cash,N. Gupta
ORD-11620,1129,2025-11-28 21:23:49,Customer 186,East,Odisha,Electronics,Smartphone,2,63743.71,0,63743.71,12179.37,Net Banking,A. Kumar
ORD-10364,1328,2025-11-28 22:08:49,Customer 219,West,Goa,Office Supplies,Stapler,1,415.43,5,394.66,51.29,Net Banking,K. Yadav
ORD-10732,1444,2025-11-29 02:15:13,Customer 131,South,Karnataka,Office Supplies,Printer,4,58393.88,5,55474.19,10756.16,Debit Card,A. Kumar
ORD-11150,1333,2025-11-29 07:11:50,Customer 10,North,Punjab,Furniture,Office Chair,1,8728.47,15,7419.2,1455.4,Debit Card,P. Sharma
ORD-11316,1231,2025-11-29 09:53:55,Customer 146,East,Bihar,Office Supplies,Notebook,3,824.94,10,742.45,72.64,Credit Card,S. Verma
ORD-10183,1169,2025-11-30 03:13:28,Customer 378,North,Delhi,Furniture,Desk,3,33492.48,10,30143.23,6380.95,Credit Card,P. Sharma
ORD-11120,1447,2025-11-30 10:13:36,Customer 213,West,Maharashtra,Electronics,Monitor,3,58884.37,5,55940.15,9553.05,Debit Card,P. Sharma
ORD-11615,1180,2025-11-30 15:26:47,Customer 191,West,Maharashtra,Electronics,Laptop,4,286659.99,0,286659.99,67089.41,Cash,S. Verma
ORD-11055,1233,2025-11-30 16:31:41,Customer 55,North,Punjab,Electronics,Laptop,1,63667.66,15,54117.51,8301.33,Net Banking,A. Kumar
ORD-10043,1029,2025-11-30 16:34:44,Customer 422,West,Maharashtra,Electronics,Headphones,2,9991.63,15,8492.89,891.1,Debit Card,N. Gupta
ORD-11992,1129,2025-11-30 19:17:24,Customer 267,South,Telangana,Office Supplies,Stapler,5,2255.99,15,1917.59,382.61,Cash,R. Singh
ORD-11665,1376,2025-11-30 20:15:12,Customer 38,North,Haryana,Office Supplies,Pen Set,3,844.37,10,759.93,134.94,Cash,S. Verma
ORD-11932,1372,2025-11-30 21:13:34,Customer 153,South,Tamil Nadu,Electronics,Laptop,5,295583.48,5,280804.31,28436.98,Net Banking,S. Verma
ORD-11556,1191,2025-12-01 01:11:29,Customer 464,Central,Chhattisgarh,Electronics,Monitor,3,53613.4,15,45571.39,9110.92,Credit Card,K. Yadav
ORD-11260,1443,2025-12-01 01:16:32,Customer 8,West,Gujarat,Office Supplies,Notebook,5,1687.73,0,1687.73,324.25,Debit Card,N. Gupta
ORD-11888,1093,2025-12-01 01:53:17,Customer 9,North,Uttar Pradesh,Electronics,Laptop,1,65713.34,15,55856.34,10900.07,UPI,P. Sharma
ORD-11061,1142,2025-12-01 08:31:54,Customer 294,Central,Madhya Pradesh,Office Supplies,Printer,5,84909.79,10,76418.81,14298.05,Credit Card,S. Verma
ORD-10958,1067,2025-12-01 13:21:32,Customer 467,East,Bihar,Furniture,Bookshelf,3,22229.78,15,18895.31,1620.16,Cash,S. Verma
ORD-11867,1228,2025-12-01 19:39:06,Customer 106,East,Bihar,Electronics,Headphones,2,9639.11,10,8675.2,1774.99,Credit Card,S. Verma
ORD-10194,1319,2025-12-02 08:01:49,Customer 211,West,Goa,Office Supplies,Notebook,2,630.32,0,630.32,84.94,Net Banking,S. Verma
ORD-11476,1295,2025-12-02 19:03:34,Customer 110,South,Kerala,Accessories,Backpack,2,4656.72,5,4423.88,862.86,Net Banking,K. Yadav
ORD-10766,1209,2025-12-02 23:20:54,Customer 374,South,Tamil Nadu,Accessories,Keyboard,2,3560.2,5,3382.19,705.23,Cash,A. Kumar
ORD-10199,1129,2025-12-03 19:33:43,Customer 313,Central,Chhattisgarh,Accessories,USB Hub,2,2208.36,10,1987.52,326.75,Cash,K. Yadav
ORD-11908,1324,2025-12-03 23:31:09,Customer 58,West,Goa,Electronics,Monitor,3,51363.34,10,46227.01,4716.52,Debit Card,R. Singh
ORD-11123,1245,2025-12-03 23:39:54,Customer 261,South,Karnataka,Electronics,Monitor,5,95007.57,5,90257.19,15951.82,Credit Card,P. Sharma
ORD-11904,1023,2025-12-04 04:08:16,Customer 200,Central,Chhattisgarh,Furniture,Table,5,47775.55,20,38220.44,3867.3,Credit Card,N. Gupta
ORD-10518,1151,2025-12-04 04:37:14,Customer 144,Central,Madhya Pradesh,Accessories,Backpack,5,11712.37,20,9369.9,1082.66,Net Banking,S. Verma
ORD-11257,1380,2025-12-04 14:37:19,Customer 262,Central,Madhya Pradesh,Furniture,Table,4,36892.5,0,36892.5,5624.11,Credit Card,N. Gupta
ORD-10086,1435,2025-12-05 03:59:58,Customer 132,North,Uttar Pradesh,Office Supplies,Notebook,2,620.17,10,558.15,91.81,UPI,N. Gupta
ORD-10743,1113,2025-12-05 07:22:07,Customer 266,Central,Chhattisgarh,Furniture,Bookshelf,5,37519.21,15,31891.33,4171.6,Net Banking,S. Verma
ORD-11077,1441,2025-12-05 08:52:02,Customer 269,North,Haryana,Accessories,Keyboard,5,9458.73,0,9458.73,2040.74,Debit Card,S. Verma
ORD-10871,1019,2025-12-05 10:21:15,Customer 337,East,Jharkhand,Electronics,Monitor,2,32708.35,5,31072.93,5125.48,Cash,R. Singh
ORD-10356,1408,2025-12-05 13:49:22,Customer 428,South,Kerala,Electronics,Monitor,5,91766.16,15,78001.24,10266.22,Cash,K. Yadav
ORD-10110,1216,2025-12-05 14:00:34,Customer 160,East,Jharkhand,Accessories,Backpack,3,7492.95,15,6369.01,1263.12,Debit Card,K. Yadav
ORD-10638,1240,2025-12-06 03:03:21,Customer 363,North,Haryana,Accessories,Webcam,1,3184.49,10,2866.04,632.52,Net Banking,N. Gupta
ORD-10339,1391,2025-12-06 03:35:49,Customer 74,East,Odisha,Electronics,Headphones,4,20315.57,5,19299.79,3692.06,Net Banking,S. Verma
ORD-11748,1448,2025-12-06 07:36:47,Customer 208,East,Jharkhand,Furniture,Office Chair,2,18357.91,10,16522.12,2216.79,Cash,K. Yadav
ORD-10527,1351,2025-12-06 07:56:27,Customer 415,North,Uttar Pradesh,Accessories,Mouse,4,3301.88,10,2971.69,448.48,Credit Card,K. Yadav
ORD-11868,1087,2025-12-06 08:29:25,Customer 286,Central,Chhattisgarh,Furniture,Office Chair,1,8464.44,15,7194.77,1550.17,Credit Card,R. Singh
ORD-11626,1038,2025-12-06 09:52:38,Customer 468,South,Karnataka,Accessories,USB Hub,3,3980.36,5,3781.34,327.02,UPI,S. Verma
ORD-11271,1399,2025-12-06 11:13:10,Customer 399,West,Gujarat,Office Supplies,Pen Set,5,1177.2,5,1118.34,113.81,Net Banking,K. Yadav
ORD-11132,1342,2025-12-06 12:26:26,Customer 150,West,Goa,Electronics,Smartphone,2,68209.26,5,64798.8,10034.73,Net Banking,N. Gupta
ORD-10680,1110,2025-12-06 12:44:31,Customer 33,Central,Madhya Pradesh,Furniture,Sofa,5,125000.93,15,106250.79,25500.88,Credit Card,N. Gupta
ORD-10716,1365,2025-12-06 14:44:36,Customer 353,Central,Chhattisgarh,Furniture,Desk,1,12959.88,15,11015.9,1291.5,Cash,R. Singh
ORD-11210,1210,2025-12-06 20:58:31,Customer 486,Central,Madhya Pradesh,Furniture,Office Chair,3,30581.29,10,27523.16,3752.43,UPI,K. Yadav
ORD-10691,1270,2025-12-07 00:07:12,Customer 310,North,Punjab,Furniture,Bookshelf,5,35968.48,10,32371.63,7184.33,Credit Card,P. Sharma
ORD-11828,1349,2025-12-07 00:07:36,Customer 31,East,Jharkhand,Electronics,Monitor,1,20164.54,5,19156.31,4771.31,Net Banking,K. Yadav
ORD-11816,1236,2025-12-07 06:54:09,Customer 343,West,Rajasthan,Furniture,Bookshelf,1,6437.41,10,5793.67,1093.84,Cash,S. Verma
ORD-10760,1001,2025-12-07 14:59:23,Customer 6,North,Haryana,Furniture,Office Chair,5,45196.29,10,40676.66,6862.83,UPI,N. Gupta
ORD-10285,1113,2025-12-08 06:40:38,Customer 91,North,Punjab,Furniture,Office Chair,3,26949.09,15,22906.73,5409.02,Credit Card,K. Yadav
ORD-11321,1038,2025-12-08 09:17:09,Customer 73,North,Uttar Pradesh,Electronics,Headphones,3,15072.0,5,14318.4,2290.83,UPI,P. Sharma
ORD-10702,1375,2025-12-08 11:26:03,Customer 158,East,West Bengal,Furniture,Bookshelf,1,6977.57,5,6628.69,1472.24,Cash,N. Gupta
ORD-11806,1348,2025-12-08 12:15:16,Customer 346,North,Haryana,Electronics,Tablet,3,63901.67,20,51121.34,9949.72,Debit Card,R. Singh
ORD-10647,1045,2025-12-08 13:26:03,Customer 219,West,Gujarat,Accessories,USB Hub,1,1364.46,10,1228.01,244.86,Debit Card,K. Yadav
ORD-10029,1365,2025-12-09 00:12:15,Customer 372,East,Jharkhand,Electronics,Headphones,4,19079.11,10,17171.2,1622.83,Debit Card,S. Verma
ORD-11968,1169,2025-12-09 01:14:59,Customer 200,Central,Chhattisgarh,Accessories,Keyboard,5,9463.17,5,8990.01,1937.25,UPI,K. Yadav
ORD-11119,1395,2025-12-09 04:27:58,Customer 413,North,Delhi,Electronics,Tablet,4,88737.99,5,84301.09,15649.27,Credit Card,N. Gupta
ORD-11538,1270,2025-12-09 07:10:08,Customer 34,South,Tamil Nadu,Electronics,Monitor,4,67254.94,0,67254.94,15019.96,Net Banking,K. Yadav
ORD-11894,1261,2025-12-09 17:19:49,Customer 342,South,Kerala,Electronics,Headphones,2,9526.92,15,8097.88,891.33,Credit Card,K. Yadav
ORD-10547,1259,2025-12-09 18:47:31,Customer 357,South,Tamil Nadu,Electronics,Tablet,5,109750.23,20,87800.18,21273.39,Debit Card,S. Verma
ORD-11539,1400,2025-12-09 20:49:36,Customer 138,East,West Bengal,Electronics,Tablet,2,48296.67,5,45881.84,10200.0,Debit Card,N. Gupta
ORD-11980,1289,2025-12-09 23:27:40,Customer 196,West,Maharashtra,Office Supplies,Stapler,2,899.73,10,809.76,198.45,UPI,P. Sharma
ORD-11996,1393,2025-12-10 11:12:35,Customer 279,Central,Chhattisgarh,Accessories,USB Hub,3,3435.43,0,3435.43,351.03,Credit Card,P. Sharma
ORD-10916,1253,2025-12-10 13:57:49,Customer 478,East,Jharkhand,Electronics,Monitor,3,57292.57,10,51563.31,6321.6,UPI,N. Gupta
ORD-11085,1096,2025-12-11 03:15:46,Customer 223,West,Maharashtra,Electronics,Laptop,3,187987.36,5,178587.99,43094.51,Net Banking,N. Gupta
ORD-11697,1352,2025-12-11 09:20:13,Customer 233,West,Gujarat,Furniture,Sofa,2,47330.21,0,47330.21,10789.0,Net Banking,N. Gupta
ORD-11684,1137,2025-12-11 11:32:56,Customer 305,East,Bihar,Furniture,Bookshelf,4,30007.02,15,25505.97,3657.52,Debit Card,A. Kumar
ORD-10906,1138,2025-12-11 15:05:22,Customer 403,East,West Bengal,Accessories,Webcam,3,11069.14,10,9962.23,1292.42,Debit Card,S. Verma
ORD-10629,1289,2025-12-12 00:53:17,Customer 40,West,Maharashtra,Office Supplies,Stapler,5,2081.33,15,1769.13,356.15,Net Banking,A. Kumar
ORD-11706,1077,2025-12-12 05:12:14,Customer 49,Central,Chhattisgarh,Office Supplies,Notebook,2,665.24,5,631.98,140.02,Credit Card,R. Singh
ORD-10944,1151,2025-12-12 05:20:47,Customer 211,Central,Madhya Pradesh,Electronics,Tablet,1,24003.34,10,21603.01,2202.13,Credit Card,R. Singh
ORD-11255,1133,2025-12-12 09:26:59,Customer 479,Central,Chhattisgarh,Accessories,USB Hub,1,1096.36,15,931.91,177.24,Net Banking,P. Sharma
ORD-11775,1036,2025-12-12 13:50:58,Customer 133,Central,Madhya Pradesh,Electronics,Smartphone,1,33286.44,10,29957.8,4611.95,UPI,R. Singh
ORD-10649,1272,2025-12-12 18:09:11,Customer 240,West,Maharashtra,Office Supplies,Pen Set,2,494.97,10,445.47,109.13,Credit Card,S. Verma
ORD-10622,1388,2025-12-12 23:20:58,Customer 100,West,Rajasthan,Electronics,Smartphone,4,109536.73,10,98583.06,9953.35,Net Banking,A. Kumar
ORD-11094,1108,2025-12-13 00:18:30,Customer 360,East,Jharkhand,Office Supplies,Notebook,4,1276.87,10,1149.18,172.38,Net Banking,N. Gupta
ORD-11196,1222,2025-12-13 02:03:09,Customer 397,Central,Chhattisgarh,Furniture,Desk,5,64293.75,5,61079.06,6722.13,Credit Card,A. Kumar
ORD-10884,1374,2025-12-13 03:05:17,Customer 456,South,Tamil Nadu,Electronics,Headphones,3,15347.53,5,14580.15,1530.54,Cash,K. Yadav
ORD-10553,1165,2025-12-13 04:04:00,Customer 52,Central,Madhya Pradesh,Electronics,Smartphone,4,111418.98,10,100277.08,22244.99,UPI,K. Yadav
ORD-10050,1371,2025-12-13 10:57:03,Customer 197,North,Delhi,Office Supplies,Stapler,5,1866.59,0,1866.59,447.78,UPI,P. Sharma
ORD-11421,1309,2025-12-14 00:39:19,Customer 263,West,Rajasthan,Office Supplies,Pen Set,1,283.27,15,240.78,32.34,UPI,S. Verma
ORD-11433,1167,2025-12-14 03:45:26,Customer 410,East,Odisha,Furniture,Table,1,9613.07,15,8171.11,671.25,UPI,K. Yadav
ORD-11180,1419,2025-12-14 06:32:48,Customer 274,West,Maharashtra,Electronics,Tablet,5,122883.93,10,110595.54,17261.37,Cash,R. Singh
ORD-11591,1285,2025-12-14 13:54:44,Customer 103,East,Jharkhand,Office Supplies,Printer,5,80392.6,5,76372.97,12755.1,Debit Card,K. Yadav
ORD-11423,1289,2025-12-14 17:16:19,Customer 462,East,Bihar,Electronics,Smartphone,4,132400.3,0,132400.3,12158.4,UPI,K. Yadav
ORD-11355,1223,2025-12-14 23:15:38,Customer 98,West,Gujarat,Furniture,Bookshelf,3,22824.77,10,20542.29,1805.26,Debit Card,A. Kumar
ORD-11933,1377,2025-12-15 04:21:47,Customer 214,North,Punjab,Furniture,Sofa,2,46241.58,5,43929.5,4943.07,Debit Card,N. Gupta
ORD-11058,1421,2025-12-15 20:42:35,Customer 166,South,Telangana,Electronics,Monitor,5,88439.24,0,88439.24,15534.46,Cash,R. Singh
ORD-11749,1074,2025-12-15 21:26:24,Customer 341,North,Punjab,Accessories,Backpack,4,10352.03,0,10352.03,1388.67,UPI,N. Gupta
ORD-10980,1375,2025-12-16 00:25:44,Customer 140,West,Rajasthan,Electronics,Laptop,1,61707.81,10,55537.03,13178.66,UPI,P. Sharma
ORD-11874,1212,2025-12-16 10:39:31,Customer 189,Central,Madhya Pradesh,Furniture,Bookshelf,3,20387.52,20,16310.02,3432.03,UPI,R. Singh
ORD-11139,1415,2025-12-16 13:25:58,Customer 111,South,Tamil Nadu,Accessories,Webcam,3,11548.07,0,11548.07,1140.86,Credit Card,P. Sharma
ORD-11028,1391,2025-12-16 18:38:35,Customer 106,East,Odisha,Accessories,USB Hub,3,3552.34,10,3197.11,264.97,Net Banking,S. Verma
ORD-10446,1180,2025-12-17 08:49:00,Customer 126,East,Odisha,Office Supplies,Stapler,4,1732.62,5,1645.99,277.71,UPI,N. Gupta
ORD-11072,1281,2025-12-17 18:41:44,Customer 59,West,Rajasthan,Electronics,Monitor,3,58121.33,10,52309.2,12639.01,Net Banking,K. Yadav
ORD-11005,1038,2025-12-17 19:33:40,Customer 110,West,Maharashtra,Accessories,Webcam,2,7180.62,0,7180.62,582.94,Credit Card,P. Sharma
ORD-10878,1015,2025-12-17 20:01:05,Customer 61,West,Gujarat,Electronics,Headphones,5,24297.21,5,23082.35,2953.77,Debit Card,S. Verma
ORD-10397,1188,2025-12-17 22:12:28,Customer 388,Central,Madhya Pradesh,Furniture,Office Chair,4,35223.36,5,33462.19,6645.98,Credit Card,P. Sharma
ORD-10028,1058,2025-12-18 02:11:33,Customer 305,West,Gujarat,Electronics,Tablet,1,20652.73,20,16522.18,3678.15,Cash,P. Sharma
ORD-10921,1065,2025-12-18 07:02:04,Customer 309,East,Odisha,Furniture,Sofa,3,82883.65,15,70451.1,7698.4,Cash,K. Yadav
ORD-10292,1085,2025-12-18 07:52:28,Customer 212,North,Delhi,Furniture,Sofa,5,135097.76,5,128342.87,14709.16,Debit Card,R. Singh
ORD-10066,1004,2025-12-18 07:53:01,Customer 331,Central,Chhattisgarh,Office Supplies,Printer,5,69408.42,5,65938.0,8032.09,UPI,R. Singh
ORD-10326,1289,2025-12-18 10:02:37,Customer 481,East,Odisha,Electronics,Tablet,4,91782.07,20,73425.66,11050.94,Debit Card,R. Singh
ORD-10810,1380,2025-12-18 10:34:54,Customer 266,East,Odisha,Office Supplies,Notebook,5,1474.2,5,1400.49,244.21,Credit Card,N. Gupta
ORD-10557,1179,2025-12-18 11:12:38,Customer 260,South,Tamil Nadu,Office Supplies,Notebook,3,975.58,5,926.8,174.84,Debit Card,N. Gupta
ORD-10151,1043,2025-12-18 11:44:47,Customer 343,Central,Chhattisgarh,Electronics,Headphones,2,10316.56,5,9800.73,1578.29,Credit Card,S. Verma
ORD-11779,1443,2025-12-18 13:42:39,Customer 484,West,Goa,Electronics,Headphones,5,24564.29,10,22107.86,4068.75,Credit Card,N. Gupta
ORD-10581,1137,2025-12-18 16:40:09,Customer 32,North,Punjab,Electronics,Monitor,2,39555.99,0,39555.99,9737.28,UPI,K. Yadav
ORD-11966,1110,2025-12-18 21:37:40,Customer 194,South,Telangana,Accessories,Backpack,3,7349.84,10,6614.86,1651.35,Debit Card,R. Singh
ORD-11579,1249,2025-12-18 23:02:22,Customer 30,East,Jharkhand,Office Supplies,File Folder,4,663.02,15,563.57,49.67,UPI,R. Singh
ORD-11669,1171,2025-12-18 23:58:15,Customer 480,North,Punjab,Electronics,Tablet,3,61803.16,15,52532.69,9947.86,Credit Card,R. Singh
ORD-11381,1205,2025-12-19 03:08:00,Customer 200,Central,Madhya Pradesh,Furniture,Desk,2,23140.43,5,21983.41,2742.27,Cash,R. Singh
ORD-11781,1351,2025-12-19 04:41:41,Customer 377,Central,Madhya Pradesh,Office Supplies,Pen Set,2,473.14,20,378.51,76.44,Debit Card,P. Sharma
ORD-11488,1320,2025-12-19 08:07:13,Customer 469,North,Uttar Pradesh,Accessories,Backpack,3,7863.48,5,7470.31,1658.72,UPI,K. Yadav
ORD-11445,1089,2025-12-19 10:05:33,Customer 15,Central,Chhattisgarh,Electronics,Laptop,5,342946.03,20,274356.82,31150.2,Net Banking,P. Sharma
ORD-10596,1152,2025-12-19 12:51:34,Customer 322,West,Rajasthan,Electronics,Tablet,2,40740.0,10,36666.0,4799.87,Debit Card,P. Sharma
ORD-11610,1384,2025-12-19 16:18:02,Customer 376,East,Jharkhand,Electronics,Monitor,2,37986.4,15,32288.44,4511.88,UPI,R. Singh
ORD-10103,1015,2025-12-20 00:59:35,Customer 497,West,Maharashtra,Electronics,Headphones,3,14774.53,10,13297.08,1211.5,Cash,N. Gupta
ORD-10908,1081,2025-12-20 04:37:41,Customer 397,South,Karnataka,Furniture,Office Chair,5,45610.55,10,41049.49,4033.81,Cash,P. Sharma
ORD-10062,1014,2025-12-20 15:26:50,Customer 312,West,Rajasthan,Furniture,Desk,4,47626.96,10,42864.26,8875.9,Debit Card,R. Singh
ORD-10667,1133,2025-12-20 15:38:50,Customer 65,North,Punjab,Furniture,Sofa,2,51514.67,0,51514.67,4695.48,Credit Card,A. Kumar
ORD-11837,1352,2025-12-20 16:52:49,Customer 164,East,West Bengal,Electronics,Headphones,5,23749.4,10,21374.46,4934.86,Cash,A. Kumar
ORD-10990,1357,2025-12-20 20:47:52,Customer 417,West,Rajasthan,Office Supplies,File Folder,2,374.45,5,355.73,37.83,UPI,K. Yadav
ORD-10324,1108,2025-12-20 23:30:25,Customer 94,West,Rajasthan,Furniture,Table,1,10851.57,15,9223.83,1571.94,UPI,K. Yadav
ORD-11031,1101,2025-12-21 03:36:57,Customer 250,Central,Madhya Pradesh,Furniture,Table,1,11315.52,0,11315.52,2741.1,Cash,K. Yadav
ORD-11326,1298,2025-12-21 14:16:33,Customer 30,North,Punjab,Furniture,Desk,4,46934.46,15,39894.29,7282.39,UPI,R. Singh
ORD-10358,1219,2025-12-21 16:33:24,Customer 82,West,Goa,Office Supplies,Notebook,5,1721.04,15,1462.88,209.41,Net Banking,A. Kumar
ORD-11276,1322,2025-12-21 21:29:59,Customer 203,West,Goa,Electronics,Tablet,5,121314.96,15,103117.72,18236.4,Debit Card,P. Sharma
ORD-11109,1210,2025-12-22 02:22:39,Customer 383,North,Delhi,Electronics,Laptop,1,58875.14,0,58875.14,11261.97,Credit Card,P. Sharma
ORD-10719,1082,2025-12-22 08:18:43,Customer 490,East,Bihar,Office Supplies,Notebook,3,832.71,20,666.17,127.2,Net Banking,A. Kumar
ORD-10161,1428,2025-12-22 09:47:06,Customer 160,North,Punjab,Furniture,Office Chair,4,36381.69,15,30924.44,5994.16,Net Banking,K. Yadav
ORD-11561,1001,2025-12-22 23:02:25,Customer 496,East,Odisha,Office Supplies,File Folder,1,167.14,5,158.78,16.2,Debit Card,P. Sharma
ORD-10580,1112,2025-12-23 01:33:12,Customer 313,East,Bihar,Accessories,Mouse,5,4702.05,15,3996.74,440.24,Net Banking,S. Verma
ORD-11386,1367,2025-12-23 07:32:07,Customer 450,East,West Bengal,Accessories,USB Hub,1,1271.54,15,1080.81,125.39,Cash,R. Singh
ORD-11079,1286,2025-12-23 07:45:29,Customer 437,North,Delhi,Electronics,Smartphone,2,62366.47,10,56129.82,5960.59,Net Banking,K. Yadav
ORD-10026,1393,2025-12-23 12:01:46,Customer 246,South,Telangana,Office Supplies,Notebook,3,876.44,5,832.62,186.73,Net Banking,P. Sharma
ORD-10262,1411,2025-12-23 13:41:53,Customer 428,Central,Chhattisgarh,Office Supplies,File Folder,4,666.34,5,633.02,79.74,Cash,S. Verma
ORD-10270,1321,2025-12-23 17:43:47,Customer 119,North,Punjab,Furniture,Table,3,33582.35,0,33582.35,4956.76,Cash,A. Kumar
ORD-11901,1010,2025-12-23 23:03:42,Customer 37,Central,Madhya Pradesh,Office Supplies,Notebook,4,1120.34,10,1008.31,89.15,Debit Card,R. Singh
ORD-11017,1375,2025-12-24 17:37:39,Customer 41,South,Karnataka,Electronics,Laptop,4,262262.1,5,249149.0,24487.72,Cash,S. Verma
ORD-11426,1187,2025-12-24 21:22:46,Customer 185,West,Maharashtra,Accessories,Keyboard,5,10319.4,10,9287.46,1561.14,Debit Card,R. Singh
ORD-11086,1358,2025-12-25 02:38:16,Customer 452,West,Gujarat,Furniture,Desk,3,40991.74,0,40991.74,8139.66,UPI,R. Singh
ORD-10251,1092,2025-12-25 05:35:46,Customer 175,East,Bihar,Accessories,Webcam,2,7570.0,15,6434.5,1013.54,Cash,N. Gupta
ORD-10624,1250,2025-12-25 06:43:31,Customer 83,West,Gujarat,Office Supplies,Printer,4,54059.4,10,48653.46,7066.49,Cash,R. Singh
ORD-11242,1305,2025-12-25 07:51:52,Customer 74,West,Maharashtra,Office Supplies,Stapler,4,1712.75,10,1541.47,375.08,Cash,A. Kumar
ORD-10252,1147,2025-12-25 11:45:02,Customer 294,East,Jharkhand,Accessories,USB Hub,5,6058.72,15,5149.91,1193.88,Debit Card,R. Singh
ORD-11391,1246,2025-12-25 12:44:21,Customer 363,Central,Chhattisgarh,Electronics,Monitor,3,52952.96,10,47657.66,8008.06,Net Banking,N. Gupta
ORD-10181,1366,2025-12-25 13:55:47,Customer 139,North,Delhi,Office Supplies,Pen Set,1,284.78,10,256.3,35.9,Cash,R. Singh
ORD-11551,1062,2025-12-26 04:41:26,Customer 365,North,Punjab,Electronics,Tablet,3,67626.67,5,64245.34,11176.16,Net Banking,N. Gupta
ORD-11049,1120,2025-12-26 11:44:40,Customer 463,Central,Chhattisgarh,Accessories,Webcam,2,6569.53,5,6241.05,770.27,UPI,K. Yadav
ORD-10893,1372,2025-12-26 12:28:56,Customer 191,West,Maharashtra,Electronics,Monitor,2,33971.85,15,28876.07,3773.9,UPI,K. Yadav
ORD-11742,1364,2025-12-26 13:22:09,Customer 263,South,Telangana,Electronics,Laptop,2,121721.47,15,103463.25,12114.49,UPI,R. Singh
ORD-10880,1235,2025-12-26 14:47:49,Customer 405,South,Kerala,Electronics,Laptop,5,357988.45,5,340089.03,41598.99,UPI,N. Gupta
ORD-11497,1064,2025-12-26 16:43:44,Customer 112,South,Karnataka,Office Supplies,File Folder,3,534.07,5,507.37,59.77,Cash,A. Kumar
ORD-11022,1374,2025-12-26 17:14:15,Customer 39,South,Kerala,Office Supplies,Notebook,3,902.46,10,812.21,99.56,Cash,R. Singh
ORD-11298,1392,2025-12-27 02:10:02,Customer 205,North,Uttar Pradesh,Electronics,Monitor,1,19932.71,10,17939.44,3188.92,Cash,K. Yadav
ORD-11051,1111,2025-12-27 02:45:59,Customer 161,North,Haryana,Furniture,Table,1,9042.02,10,8137.82,1613.94,Debit Card,P. Sharma
ORD-11563,1428,2025-12-27 06:05:22,Customer 347,East,Bihar,Accessories,Keyboard,2,3753.4,20,3002.72,740.71,Net Banking,P. Sharma
ORD-11647,1437,2025-12-27 11:07:35,Customer 156,West,Gujarat,Electronics,Headphones,4,18354.57,10,16519.11,3775.72,Net Banking,S. Verma
ORD-10168,1405,2025-12-28 08:02:42,Customer 66,South,Tamil Nadu,Furniture,Desk,3,39510.27,5,37534.76,3519.12,Debit Card,P. Sharma
ORD-10369,1424,2025-12-28 09:06:30,Customer 56,South,Karnataka,Electronics,Tablet,1,20959.3,10,18863.37,4255.65,Credit Card,K. Yadav
ORD-10375,1181,2025-12-28 10:17:15,Customer 282,East,Jharkhand,Office Supplies,Notebook,3,822.51,0,822.51,95.51,Credit Card,P. Sharma
ORD-11832,1010,2025-12-28 13:36:09,Customer 404,East,Bihar,Electronics,Tablet,1,23603.78,5,22423.59,4613.89,UPI,K. Yadav
ORD-10092,1004,2025-12-28 16:51:37,Customer 442,East,West Bengal,Electronics,Smartphone,5,150095.63,5,142590.85,27043.67,Net Banking,N. Gupta
ORD-10210,1297,2025-12-28 22:24:35,Customer 485,South,Kerala,Office Supplies,Pen Set,3,713.21,10,641.89,82.68,Net Banking,A. Kumar
ORD-11846,1096,2025-12-29 07:56:00,Customer 385,East,Jharkhand,Electronics,Monitor,2,41104.48,15,34938.81,8638.71,UPI,K. Yadav
ORD-11214,1341,2025-12-29 09:58:01,Customer 257,West,Gujarat,Accessories,Mouse,3,2893.7,5,2749.02,617.0,Cash,K. Yadav
ORD-10934,1277,2025-12-30 03:47:27,Customer 335,West,Goa,Furniture,Sofa,2,51400.29,10,46260.26,7934.35,UPI,N. Gupta
ORD-10016,1325,2025-12-30 04:11:31,Customer 98,South,Tamil Nadu,Furniture,Sofa,3,74431.02,5,70709.47,15310.99,Debit Card,A. Kumar
ORD-10772,1339,2025-12-30 04:42:22,Customer 54,West,Maharashtra,Accessories,Backpack,3,7800.75,10,7020.67,1511.44,Cash,K. Yadav
ORD-10566,1328,2025-12-30 08:07:50,Customer 221,North,Haryana,Accessories,Backpack,2,5050.92,5,4798.37,1067.77,Net Banking,P. Sharma
